,tip_rates,mean_trip_distance,mean_trip_duration,count,tipped_trips,taxi_zone,"Less than 10,000 percentage","10,000 to 14,999 percentage","15,000 to 24,999 percentage","25,000 to 34,999 percentage","35,000 to 49,999 percentage","50,000 to 74,999 percentage","75,000 to 99,999 percentage","100,000 to 149,999 percentage","150,000 to 199,999 percentage","200,000 or more percentage",Unemployment percentage
0,0.9416026163189264,2.906553459525289,17.941380842830032,991928,934002,148,0.12459183673469387,0.08591836734693878,0.10387755102040816,0.06306122448979593,0.07295918367346939,0.14510204081632652,0.11622448979591837,0.12020408163265306,0.06816326530612245,0.09989795918367347,0.06813703198423526
1,0.7452428287418347,5.66691375556187,22.926201521032535,10563,7872,243,0.09276923076923077,0.05665384615384615,0.10919230769230769,0.09096153846153845,0.13623076923076924,0.17334615384615384,0.1291923076923077,0.12023076923076922,0.04726923076923077,0.044153846153846155,0.10526315789473684
2,0.5918367346938775,8.203959183673467,31.115986394557826,245,145,31,0.057692307692307696,0.10384615384615385,0.10384615384615385,0.06538461538461539,0.1076923076923077,0.28076923076923077,0.13846153846153847,0.12307692307692308,0.019230769230769232,0.0,0.08196721311475409
3,0.9434327626052337,2.260925680832361,14.72672831217122,931617,878918,137,0.07906423473433782,0.06209357652656622,0.04076130055511499,0.0633624107850912,0.08342585249801744,0.1409199048374306,0.07930214115781126,0.17969865186360032,0.09651070578905631,0.17486122125297382,0.03255199276622383
4,0.26800670016750416,7.131344221105528,31.187793132328306,2388,640,85,0.11374173818684029,0.061556673572062744,0.09637959948702772,0.12242280753674657,0.14678899082568808,0.1631646443721022,0.12459307487422314,0.11324849561014107,0.03176482193942981,0.026339153595738383,0.07757119977717429
5,0.59375,7.402968749999999,46.51015625000001,64,38,251,0.07918804372072273,0.029667633281284855,0.07483827793888022,0.05375864376533571,0.07617666741021638,0.15224180236448806,0.13004684363149677,0.17722507249609637,0.09647557439214811,0.1303814409993308,0.05920722528850978
6,0.9094713835637142,4.2012159224339385,19.19378107428374,86017,78230,65,0.06710138830458562,0.04627681952040387,0.05132519983172066,0.04459402608329827,0.0723601177955406,0.08750525872949096,0.08813630626840556,0.20761464030290283,0.15208245687841818,0.18300378628523348,0.08293556085918855
7,0.9430093776641091,3.345740977550437,18.329168324334557,70380,66369,255,0.051766717325227966,0.03723404255319149,0.03951367781155015,0.04226823708206687,0.07256838905775076,0.08168693009118541,0.10704787234042554,0.19006458966565348,0.13782294832826747,0.24002659574468085,0.03823715916296766
8,0.27876106194690264,11.344498525073746,37.36413470993118,678,189,53,0.05669838004628439,0.0239136024685009,0.11159681151967087,0.10709694008742607,0.1374389303162767,0.19658009771149396,0.12908202622782206,0.15196708665466702,0.0478272049370018,0.03779892003085626,0.05584500162813416
9,0.5421602787456447,5.9115888501742155,25.110243902439027,2870,1556,133,0.058390578999018644,0.0700032711808963,0.11539090611710828,0.09510958456002618,0.12438665358194308,0.15611710827608766,0.13141969250899574,0.14998364409551848,0.058881256133464184,0.04031730454694145,0.07091633466135458
10,0.20886889460154243,7.842313624678664,30.90931876606684,1556,325,78,0.19386745796241345,0.1410484668644906,0.18219584569732938,0.11605670952851961,0.10933069568084405,0.13148697659083416,0.07418397626112759,0.036927134849983514,0.007847016155621497,0.007055720408836136,0.18291426215993406
11,0.18132082844861275,9.085935912465805,32.186641917415656,2559,464,155,0.03706829003676692,0.03477789162799108,0.05340244710987885,0.07829546139473208,0.09053101078898197,0.1407992284973781,0.14465674160689532,0.20872762341028267,0.10324874932192152,0.10849255620517148,0.06051469339222015
12,0.24254090471607315,9.532271414821947,31.24550850176452,1039,252,108,0.10598514635211882,0.10563564875491481,0.13359545653123633,0.0997815640017475,0.1258191349934469,0.12861511577107906,0.10083005679335955,0.11122761031017912,0.04665792922673657,0.041852337265181304,0.1062618595825427
13,0.962315820385404,2.4255125186413022,17.662758022468047,565277,543975,211,0.07173913043478261,0.01983695652173913,0.04728260869565217,0.03967391304347826,0.08396739130434783,0.11494565217391305,0.11875,0.15271739130434783,0.08179347826086956,0.2692934782608696,0.0324254215304799
14,0.6798547639914861,3.5272824589958653,17.073343140937354,15974,10860,193,0.16265176334553863,0.18577760647523608,0.18982462902293312,0.11389477741375988,0.13509346694931587,0.10136827905184043,0.04991327808826364,0.03295432645981885,0.014453651956060899,0.014068221237232607,0.155669555987971
15,0.9146889031430404,3.230628608082104,18.923177250374174,1559,1426,34,0.0,0.0,0.03333333333333333,0.08666666666666667,0.03333333333333333,0.02666666666666667,0.22666666666666666,0.18,0.20666666666666667,0.20666666666666667,0.11149825783972125
16,0.16832669322709162,13.117699203187254,33.02000332005313,1004,169,101,0.02738960313024036,0.03666852990497484,0.05578535494689771,0.07445500279485746,0.08831749580771381,0.17003912800447177,0.14041363890441588,0.2087199552822806,0.11470095025153718,0.0835103409726104,0.06262181171087196
17,0.2929203539823009,7.669424778761063,29.195545722713863,1130,331,126,0.24359278595158995,0.11046511627906977,0.1683673469387755,0.1266018035121025,0.1439250118652112,0.10168485999050783,0.05742762221167537,0.03464641670621737,0.005813953488372093,0.007475083056478406,0.0960353327855382
18,0.22413793103448276,13.58051724137931,44.87816091954023,58,13,115,0.16406978292715407,0.03782128112931149,0.07750699161006792,0.07830603276068718,0.10653882008256758,0.14715674523904648,0.08656279131708616,0.16233852710081237,0.07417765348248768,0.06552137435077907,0.06552647846692768
19,0.19632678910702978,9.329081697276758,33.38785096052354,1579,310,81,0.0728454172366621,0.0625,0.09593023255813954,0.12081053351573187,0.12388850889192886,0.1728796169630643,0.10918262653898769,0.1380813953488372,0.06130300957592339,0.04257865937072503,0.09387025093490868
20,0.6479611650485437,10.893093203883495,35.919919093851135,5150,3337,28,0.054444287927877165,0.03056768558951965,0.11262149598535005,0.09198478658966051,0.10635300746584025,0.1848851950979011,0.13332863783631496,0.16248767432032682,0.07057332018594169,0.052753909001267786,0.09307865919919753
21,0.15503875968992248,10.763402692778456,35.74830001359988,2451,380,210,0.08416069130354845,0.08337929766501195,0.10075381503952932,0.09951277808420665,0.10898143041000184,0.14612061040632468,0.11394557823129252,0.15292333149476006,0.05888030888030888,0.05134215848501563,0.08385104192552097
22,0.14446529080675422,9.998236397748592,32.786241400875554,533,77,183,0.04795357361026267,0.1032376298106292,0.08460598656078192,0.13805742211362249,0.10812461820403177,0.18036041539401343,0.1482895540623091,0.12583995113011606,0.05604764813683567,0.007483200977397679,0.0522093813732155
23,0.22859642544681916,8.462255968004,32.576205057701124,8001,1829,76,0.1836612463689995,0.0761536849040218,0.12346899050699249,0.10499206420507291,0.13326146198305033,0.14005929386398347,0.09720600125774863,0.08843170724403318,0.03027580630671099,0.022489743359386697,0.10107603168972448
24,0.21384117500622354,6.352544187204379,31.04811218985977,4017,859,26,0.07529015350056159,0.09745413702733059,0.15829277424185698,0.13354548858105578,0.1342568326469487,0.13216023961063272,0.08929239985024336,0.10014975664545114,0.041744664919505806,0.037813552976413325,0.05720915346455433
25,0.5714285714285714,11.39842857142857,34.41690476190476,70,40,27,0.022840827980014276,0.01998572448251249,0.05924339757316203,0.04853675945753034,0.11349036402569593,0.16773733047822983,0.06995003568879372,0.20342612419700215,0.12491077801570306,0.16987865810135616,0.05466830466830467
26,0.3208036292935839,5.788856124432923,28.929833657377397,3086,990,159,0.1997098646034816,0.14686377452334898,0.1351201989499862,0.14693285437966289,0.13076816800221056,0.10327438518927881,0.06597126277977342,0.042898590770931194,0.014230450400663166,0.014230450400663166,0.11973190957628081
27,0.42290076335877863,6.9683969465648845,26.278880407124685,655,277,192,0.06317024128686327,0.04004691689008043,0.11394101876675604,0.09165549597855228,0.123156836461126,0.20676943699731903,0.09534182305630026,0.14175603217158178,0.06384048257372654,0.06032171581769437,0.055973101265822785
28,0.2222222222222222,18.806666666666665,34.17037037037037,27,6,44,0.019492460463405664,0.043766090474439134,0.0767439009439745,0.03604266274365576,0.08740958685791345,0.14686772097584896,0.13571165869805074,0.19823464509010666,0.11401250459727841,0.14171876915532672,0.05168951366454204
29,0.6739130434782609,8.406739130434783,26.851207729468594,138,93,253,0.0,0.0,0.0,0.0,0.0,0.0,0.0,0.0,0.0,0.0,0.0
30,0.9715772210347312,1.9601504652865573,13.71894341424674,2709728,2632710,236,0.03144086249933613,0.013808486908492219,0.03287482075521801,0.03940729725423549,0.03999150246959477,0.07838971798820968,0.0902331509904934,0.14408624993361305,0.09687184661957618,0.4328960645812311,0.030755792570798086
31,0.9246876199411489,4.550487867286451,25.920506915717795,23449,21683,12,0.0,0.0,0.0,0.0,0.0,0.0,0.0,0.0,0.0,0.0,0.0
32,0.8684177027199049,4.625470785420291,19.056596087749824,23567,20466,223,0.0520961145194274,0.029805725971370142,0.07044989775051125,0.08706543967280164,0.11707566462167689,0.18246421267893662,0.1278118609406953,0.19412065439672802,0.07142126789366053,0.06768916155419223,0.05569493226292022
33,0.17930700266537436,8.583918100315,34.8358775543171,4127,740,91,0.050591241824403346,0.036124225754753755,0.0711655910252523,0.06510157231342314,0.1235760384632044,0.1697492095118465,0.15359293108675878,0.1844327976783471,0.08112790748040022,0.06453848486161043,0.09415481832543444
34,0.16141929035482258,10.079315342328837,33.13917208062635,2001,323,222,0.11673091750192753,0.2243639167309175,0.15451040863531226,0.0889745566692367,0.16746337702390132,0.16283731688511952,0.04302235929067078,0.03392444101773323,0.0,0.008172706245181188,0.08496860282574568
35,0.9178632929674481,4.2912102821908675,21.533564094730234,144016,132187,209,0.07515378443434073,0.06632789515913345,0.11366675581706338,0.0636533832575555,0.05135062851029687,0.08023535704733886,0.08799144156191495,0.13720246055094945,0.11714362128911474,0.20727467237229205,0.049429657794676805
36,0.2245762711864407,8.134504237288136,32.65583333333334,2360,530,22,0.06908474350876026,0.06303401043917684,0.11280295222580537,0.10578809135942019,0.142158981349114,0.15509159214069618,0.12287642541307889,0.12041623724192958,0.06413112138036504,0.044615844941653646,0.07781219955132998
37,0.5079365079365079,7.535804988662131,24.968065003779287,441,224,128,0.0,0.0,0.0,0.0,0.0,0.0,0.0,0.0,0.0,0.0,0.0
38,0.9529936749483227,2.8946006347086968,18.79271971283547,2132947,2032685,230,0.12691570881226052,0.07758620689655173,0.0792624521072797,0.05771072796934866,0.06944444444444445,0.05866858237547893,0.07734674329501916,0.1360153256704981,0.08908045977011494,0.22796934865900384,0.0329721005303205
39,0.2930591259640103,10.15190231362468,32.57152956298201,778,228,122,0.060483217123398735,0.04021404248419004,0.10264310037295281,0.0681044267877412,0.10685908869790822,0.16053186314253284,0.1431814496513702,0.18582779309226527,0.08188746554240312,0.050267553105237554,0.10083210964268233
40,0.961005398689338,2.5565308557790702,16.317339289113324,956158,918873,233,0.04246575342465753,0.009686888454011743,0.03679060665362035,0.0410958904109589,0.06046966731898239,0.12886497064579255,0.0971624266144814,0.19628180039138943,0.1408023483365949,0.24637964774951077,0.01486320947325439
41,0.7423332279481505,6.608539361365793,27.440568026135537,3163,2348,157,0.05682969512756747,0.03951367781155015,0.08381689232753063,0.08197476282582665,0.09652758588928802,0.17877866814037027,0.15068619323938473,0.1763838997881551,0.07884314267292991,0.05664548217739707,0.0552509746588694
42,0.8798661935061373,3.492848166797936,19.318951495145992,112999,99424,232,0.16607396870554766,0.14631172525909367,0.13874212558423085,0.09256248729932941,0.10887014834383256,0.11557610241820768,0.05547652916073969,0.08600894127209917,0.03332655964234912,0.057051412314570206,0.09082397003745318
43,0.9138776845088847,9.881726806933388,34.03788291725717,9173,8383,93,0.0,0.0,0.0,0.0,0.0,0.0,0.0,0.0,0.0,0.0,0.0
44,0.4189550767497536,5.5435431629348,26.926855372482745,7101,2975,225,0.1362431800467654,0.08421667965705378,0.10619641465315667,0.1014809041309431,0.10611847233047544,0.13838659392049882,0.10771628994544037,0.1254091971940764,0.04438815276695245,0.04984411535463757,0.10725066759549517
45,0.8624103789689314,3.9797166268350965,23.82791623989985,2929,2526,190,0.0,0.0,0.0,0.0,0.0,0.0,0.0,0.0,0.0,0.0,0.0
46,0.9578692475465549,2.391448978073081,16.822938113838262,1048118,1003960,246,0.05137457044673539,0.02422680412371134,0.050515463917525774,0.0288659793814433,0.0731958762886598,0.08402061855670104,0.07199312714776632,0.18762886597938144,0.13762886597938145,0.2905498281786942,0.0585480093676815
47,0.9461123206396497,2.5208874119908837,14.987988214523694,157086,148621,224,0.06373394671267012,0.021947479394287903,0.032489936745255896,0.041307264711520034,0.09641556450067089,0.08520222350009585,0.13225991949396204,0.22206248801993483,0.07973931378186698,0.22484186313973548,0.023035989357232882
48,0.8615384615384616,3.075538461538461,26.22782051282052,130,112,111,0.0,0.0,0.0,0.0,0.0,0.0,0.0,0.0,0.0,0.0,0.0
49,0.21292775665399238,6.994556400506972,28.926774397972114,1578,336,47,0.22244452528192069,0.1542379046926155,0.16133139323390325,0.12659148781375046,0.1251364132411786,0.12077118952346308,0.0476536922517279,0.029465260094579847,0.010640232811931612,0.0017279010549290652,0.16798696971940474
50,0.959606530438602,2.4913550359703396,15.065958111859274,1231709,1181956,140,0.061555643148075156,0.01951123374063855,0.02640914465904612,0.032978583628958086,0.061884115096570755,0.16436736302719748,0.11345421101037971,0.17198791223229537,0.0847457627118644,0.2631060307449744,0.020622873593300183
51,0.24203821656050956,6.562186836518047,29.114856940653123,3297,798,177,0.17948323592740695,0.08435865887419255,0.11950169178714241,0.10873577360812058,0.14480159950784374,0.1605659796985543,0.07974469394032606,0.07897569978468164,0.025915103045216856,0.01791756382651492,0.0928798598039852
52,0.9427158200836049,16.957133758366492,47.650360179185355,1574309,1484126,132,0.0,0.0,0.0,0.0,0.0,0.0,0.0,0.0,0.0,0.0,0.0
53,0.8264762872246365,3.0672933009763494,15.598990412049837,53157,43933,152,0.19838633127669672,0.11414333175130517,0.09527764594209777,0.12149976269577599,0.13170384432842905,0.11200759373516848,0.07985287138111058,0.09515899383009017,0.03049359278595159,0.021476032273374464,0.07247698814163696
54,0.2752,7.438192,29.694613333333336,1250,344,185,0.08115021610655376,0.06165652288965335,0.08900061744729647,0.09632177824821381,0.13460351062891418,0.19105583487695157,0.12031401605362971,0.13627943900502779,0.03995766075681397,0.0496604039869454,0.10507703965647891
55,0.8899161032825609,3.155434348782278,16.052416782058593,49108,43702,146,0.07858979067205288,0.0426000734484025,0.06904149834741094,0.10870363569592362,0.11531399192067572,0.1953727506426735,0.12853470437017994,0.1358795446199045,0.07822254865956665,0.0477414616232097,0.09101123595505618
56,0.20228734810578985,10.42228020014296,30.619013581129384,1399,283,259,0.06879014989293362,0.06872323340471093,0.0729389721627409,0.07126605995717344,0.1315578158458244,0.17572269807280513,0.15364025695931477,0.14882226980728053,0.06350374732334046,0.0450347965738758,0.08808615848803587
57,0.35766423357664234,16.6678102189781,46.98029197080292,137,49,206,0.16454134101192924,0.0562731386260798,0.10448375154257507,0.07091731797614151,0.11550802139037433,0.12694364459070342,0.10670505964623611,0.14199917729329495,0.07379679144385026,0.0388317564788153,0.0663418029933867
58,0.9678409171998763,3.94927094978711,19.824940732459577,42041,40689,52,0.036896877956480605,0.01750236518448439,0.02057710501419111,0.02057710501419111,0.0423368022705771,0.12086092715231789,0.07024597918637654,0.18022705771050143,0.14711447492904448,0.3436613055818354,0.05011279407025459
59,0.272655634357762,7.034121355397951,28.595770948253218,1269,346,212,0.1483216902368376,0.11773726358834555,0.15931163741693644,0.13809848355767593,0.13656500255580167,0.12446754131879366,0.06312830124382347,0.07880388481853808,0.023939342307036975,0.009626852956210599,0.13297650906928338
60,0.21379647749510763,8.826482387475538,32.3735567514677,2044,437,182,0.058209774848984076,0.060563269788969955,0.09908213697340551,0.1020632305640543,0.15211422295442065,0.22726916137130304,0.1219894877226014,0.1408958970738213,0.027849690123166234,0.009963128579273554,0.10911237281466074
61,0.96922155857328,4.109502183467628,20.04332415337804,709880,688031,13,0.0406215921483097,0.01158669574700109,0.01322246455834242,0.015676117775354416,0.04157579062159215,0.06652126499454744,0.07292802617230099,0.1473555070883315,0.12772628135223554,0.4627862595419847,0.038205645161290325
62,0.13151728178090216,10.11979203280609,32.90000976371802,3414,449,218,0.046314980301719995,0.047179782838474106,0.08993946382242721,0.09426347650619775,0.15825886422600172,0.2081291438454886,0.12818295378110886,0.16267896608052274,0.05035072547323917,0.014701643124819834,0.06743792325056433
63,0.08566433566433566,17.401678321678318,53.57045454545454,572,49,86,0.14168244202555608,0.07938949361097965,0.10624704212020823,0.0843587316611453,0.1250591575958353,0.17025556081400853,0.10541883577851396,0.10985565546616186,0.04762186464742073,0.030111216280170373,0.08438909168992914
64,0.3096828046744574,9.254407345575961,27.63226210350584,1198,371,16,0.035016234799770805,0.03068695486089005,0.06672184376392691,0.0640478767428535,0.09931877506844082,0.1628573247596613,0.1411472591838034,0.18934233144457885,0.10097408798624817,0.10988731138982619,0.052205145339124626
65,0.5045871559633027,11.582018348623853,30.95015290519877,109,55,6,0.08293629786483148,0.04887947767778366,0.07464266807834834,0.07005470266454915,0.11593435680254102,0.1049938238927122,0.15157931886359627,0.1791071113463914,0.096523733898006,0.07534850891124052,0.08097059211393907
66,0.4883438889637515,5.710638727934243,24.46589857611283,7421,3624,168,0.23922678485609014,0.13883697335398087,0.1735996155283815,0.10471511721044481,0.13258930955305173,0.09403535002936936,0.05927270785496876,0.039141346718641536,0.013349708976344316,0.005233085918726971,0.12017920650316383
67,0.2131689717378232,10.701004209260374,35.269051914211275,3326,709,205,0.04102925174422326,0.03821289125008001,0.05978365230749536,0.08269858541893363,0.10266914165013122,0.1870319400883313,0.13966587723228574,0.20604237342379825,0.08621903603661268,0.05664725084810856,0.09659963925445922
68,0.9656685914868356,2.168506477203669,15.299088389212661,2130935,2057777,142,0.05576757355656777,0.012680044318601503,0.034039148097993355,0.035024005909146866,0.040686938323279576,0.06340022159300751,0.08475932537239936,0.16471746891542532,0.1455127415979318,0.3634125323156469,0.04114645532515471
69,0.3329875518672199,6.901566390041492,29.489367219917007,964,321,178,0.09073668854850474,0.06229029905178702,0.1111597374179431,0.09292487235594457,0.11086797957695113,0.15302698760029176,0.09204959883296863,0.11684901531728666,0.05820568927789934,0.11188913202042305,0.0489749430523918
70,0.21386138613861386,8.442663366336635,31.0170792079208,1010,216,3,0.0732120186203978,0.03724079559881507,0.09119763013118917,0.08601354210749047,0.10389335590351248,0.17848074481591197,0.13129496402877697,0.16419805332204823,0.07501057977147693,0.05945831570038087,0.07763318161420604
71,0.9544768923214242,2.383733026404471,16.529136146150012,1687253,1610444,164,0.07612046478539246,0.026322029879060942,0.05027270571496324,0.029167654730851315,0.06568650699549443,0.09509129713066161,0.09034858904434433,0.1629120227649988,0.09793692198245198,0.3061418069717809,0.043188770919560915
72,0.957047791893527,3.803839850409721,18.116946231828265,36366,34804,40,0.038692098092643054,0.011852861035422343,0.051498637602179834,0.036103542234332424,0.04700272479564033,0.09318801089918256,0.0840599455040872,0.17057220708446866,0.1608991825613079,0.3061307901907357,0.04364685724591938
73,0.3150684931506849,7.865976027397259,30.07568493150685,584,184,20,0.18092033861515086,0.10711960060777079,0.1821141740829173,0.13826785326676796,0.1441285001085305,0.1376166702843499,0.04178424137182548,0.056544388973301496,0.007814195789016714,0.0036900369003690036,0.14286831404441663
74,0.2916666666666667,7.591288461538463,27.547799145299148,1560,455,169,0.14897449305676602,0.14287374353611063,0.1634419847771774,0.11132415315786416,0.1553076520829702,0.14339666492359537,0.07105920632153855,0.04055545871826158,0.01650107489396316,0.006565568531752949,0.11966829193381195
75,0.16059379217273953,11.845566801619432,36.07994826810616,1482,238,139,0.027210884353741496,0.02362399505256648,0.06876932591218306,0.06716141001855287,0.0849721706864564,0.16029684601113173,0.14570191713048855,0.22881880024737167,0.11478045763760049,0.07866419294990723,0.06594830525813271
76,0.29200652528548127,7.484388254486133,29.67589722675366,1226,358,250,0.12075880758807588,0.08097560975609756,0.11284552845528455,0.10428184281842819,0.1018970189701897,0.1797289972899729,0.10710027100271002,0.12032520325203253,0.040325203252032524,0.03176151761517615,0.13319210004783708
77,0.3314917127071823,7.024917127071824,29.382934315531,543,180,94,0.21226468267388118,0.10686506594521475,0.18013752677262992,0.12399954909254876,0.13515950851087813,0.09559237966407395,0.08183970240108218,0.04463983767331755,0.011159959418329387,0.008341787848044189,0.1571841098883946
78,0.9279379157427938,4.178810051736881,18.44728997289973,2706,2511,54,0.05426765015806112,0.011064278187565859,0.011591148577449948,0.06954689146469968,0.033192834562697573,0.10221285563751317,0.20706006322444678,0.15384615384615385,0.14383561643835616,0.21338250790305585,0.05547801814375436
79,0.7837837837837838,6.126351351351352,19.055555555555557,222,174,120,0.0,0.0,0.0,0.0,0.0,0.0,0.0,0.0,0.0,0.0,0.0
80,0.25262762762762764,7.919673423423424,30.080248998999,2664,673,235,0.2029476096239975,0.15352567440891574,0.1481616498281429,0.11144672429955213,0.13503801687324238,0.12769503176752423,0.059525049474013124,0.03598583480887407,0.01749817727320071,0.008176231642537236,0.12380518889394629
81,0.70625,5.8591875,21.22947916666666,160,113,96,0.0,0.0,0.0,0.14814814814814814,0.0,0.0,0.18518518518518517,0.14814814814814814,0.37037037037037035,0.14814814814814814,0.0
82,0.948585626635105,2.4359718045393515,15.850900830163228,2075937,1969204,48,0.07045313469894475,0.04086488723360232,0.07029795158286778,0.08116076970825574,0.06445272087730189,0.1085764535485206,0.12109455824539624,0.16620111731843576,0.10707635009310987,0.16982205669356507,0.053788771103258734
83,0.9618263953970121,2.449465514147275,17.578994316792922,1805436,1736516,163,0.06063618290258449,0.02584493041749503,0.04845924453280318,0.03901590457256461,0.06063618290258449,0.05740556660039761,0.08225646123260437,0.14239562624254473,0.11406560636182903,0.36928429423459247,0.04118942731277533
84,0.20542317173377156,11.59910435497124,34.016735141057254,2434,500,191,0.041741935483870965,0.03774193548387097,0.07290322580645162,0.0807741935483871,0.11187096774193549,0.15748387096774194,0.15793548387096773,0.19464516129032258,0.09561290322580646,0.04929032258064516,0.10809218279429095
85,0.06315789473684211,26.582526315789476,68.99087719298245,95,6,5,0.039898320070733864,0.033488063660477456,0.04807692307692308,0.05713969938107869,0.11229000884173299,0.17274535809018568,0.10643236074270557,0.19993368700265252,0.13914677276746243,0.09084880636604775,0.0547850739406942
86,0.3552295918367347,8.791434948979592,32.73975340136054,1568,557,258,0.04724546722454672,0.03016039051603905,0.08850534635053464,0.08286843328684333,0.11866573686657368,0.18032310553231054,0.15434681543468154,0.17950953045095305,0.0699674569967457,0.04840771734077173,0.07302655511094944
87,0.21964097148891235,9.714202745512146,26.244878563885955,947,208,19,0.056709168184578024,0.03752276867030965,0.056466302367941715,0.04432301153612629,0.09860352155434123,0.15774134790528233,0.1381906496660595,0.19295689131754706,0.14353369763205828,0.07395264116575592,0.050467157417893545
88,0.38327657964434353,7.947994702989027,29.97097364106445,2643,1013,92,0.12607024620419346,0.08246128087065718,0.1447543666045131,0.12435785227748392,0.1398074508162411,0.1534685490315461,0.08797899463449903,0.07587807755241828,0.042391262985653946,0.022831919022793867,0.04208769000966523
89,0.5668647845468053,6.140468053491825,25.408667657256068,2692,1526,257,0.05593952483801296,0.032181425485961125,0.052375809935205186,0.042332613390928725,0.07710583153347732,0.13336933045356372,0.13747300215982722,0.21285097192224622,0.09017278617710583,0.1661987041036717,0.0415529741950573
90,0.29749303621169915,7.696930362116992,32.44343546889508,1795,534,227,0.06843312101910828,0.08071337579617835,0.15143949044585986,0.11740127388535032,0.15296815286624205,0.1707515923566879,0.11923566878980892,0.08585987261146497,0.03342675159235669,0.019770700636942674,0.06919922542430801
91,0.24849699398797595,11.696893787575151,32.69041416165665,499,124,64,0.04293161606869059,0.01829704589594194,0.0567310640907697,0.08995195747725647,0.08524992333639987,0.1708065010732904,0.12399059593171828,0.20361852192578964,0.10610242256976388,0.10232035163037922,0.05243733661387052
92,0.16244725738396623,17.940042194092825,57.44310829817159,474,77,117,0.12827813577101754,0.07702682451670913,0.1349468005394875,0.09403566611718867,0.13764423797392478,0.14783455717068786,0.10212797842050053,0.10460062940206803,0.04967780608421999,0.023827364004196015,0.11637725975261655
93,0.8384369462192983,2.638989047260462,14.904866807051693,221771,185941,41,0.12991162813919815,0.08417794198412303,0.060212691597184086,0.07648909081831344,0.10689500224674223,0.13565330271106896,0.09151729991512307,0.13150931149832742,0.08218083778521144,0.10145289330470818,0.07010463912003143
94,0.5287356321839081,10.87551724137931,31.27174329501916,174,92,154,0.0,0.0,0.0,0.0,0.0,0.0,0.0,0.5,0.0,0.5,0.0
95,0.9597979126667652,2.201112516204726,16.94932030732915,975024,935826,43,0.0,0.0,0.0,0.0,0.0,0.0,0.0,0.0,0.0,0.0,0.0
96,0.20317002881844382,10.87482708933718,34.63374159462055,694,141,15,0.0497623141498938,0.04440173965813695,0.0698897542227167,0.05148174370385355,0.09578234044705168,0.15009608576919187,0.16385152220086982,0.1612218064124608,0.11682006675432385,0.09669262668150096,0.0536779324055666
97,0.9715361971164644,2.4419616667542767,14.001380399859194,837028,813203,262,0.060334306182011146,0.026956752454231892,0.049774475988325816,0.03571239055452374,0.0790130007959671,0.1087821703369594,0.11132926505704431,0.17654550278588485,0.10904749270363491,0.24250464314141681,0.03512692170182338
98,0.9378029778393352,3.4849813885041554,17.712727954755312,23104,21667,112,0.07766750909202984,0.03353263884608272,0.08900943105467546,0.05701781421438698,0.07982493990014178,0.15188312889108058,0.13597978179128398,0.19244282808358504,0.08068791222338655,0.1019540159033471,0.05352014620137499
99,0.2092864458859679,7.079313758962102,31.22806987595312,2929,613,165,0.09145435244161358,0.10069002123142251,0.10387473460721869,0.09378980891719746,0.11316348195329087,0.15143312101910827,0.09357749469214437,0.1197452229299363,0.052653927813163484,0.07961783439490445,0.07929124201801498
100,0.8648658989172437,3.411509737154225,16.08710576322199,26137,22605,179,0.07524293483106,0.03860212177944192,0.11527146295801016,0.09672818044040296,0.1298921280199697,0.1569046982259071,0.12053133636444682,0.14700900419006865,0.054916644379067486,0.06490148881162522,0.07369642202955184
101,0.8784888828816652,3.499566804081909,18.80324502714514,14797,12999,189,0.0663552394097038,0.026223590614714937,0.05297802314470751,0.056800084934706445,0.08642106380719822,0.11360016986941289,0.11115829705913578,0.1922709417135577,0.11466185369996815,0.17953073574689457,0.05467168064796066
102,0.9144578313253012,6.726638554216868,26.02198795180723,830,759,207,0.0,0.0,0.0,0.0,0.0,0.0,0.0,0.0,0.0,0.0,0.0
103,0.7013044244667724,4.45800987132029,23.409746459839003,11346,7957,37,0.15524496543432523,0.08945746919146379,0.10474902314397355,0.09073489630297565,0.11684700931770364,0.1529906822963631,0.10174331229335738,0.11286444244063722,0.041816952209197476,0.03355124737000301,0.10902346196463844
104,0.5203178887389414,5.027349677612836,24.40219173289348,13338,6940,61,0.1442132580586414,0.07653432890183938,0.11787470406119104,0.09711345838645055,0.12106173738845383,0.1535922418503005,0.09663540338736114,0.11386814787834638,0.04238754325259515,0.036719176834820615,0.0818748604503375
105,0.7464695498676082,5.915695057369815,22.458370108855544,4532,3383,127,0.10611884806856135,0.07555611569727141,0.11368076123259184,0.09042787825319806,0.11008885247967735,0.1536958850589199,0.14909572121746803,0.12420442371920096,0.04247274560463797,0.034658768668473124,0.09396756576478926
106,0.9393805107427611,4.948334652218719,23.492746071773198,284331,267095,88,0.04230317273795535,0.0,0.010575793184488837,0.01527614571092832,0.055229142185663924,0.0881316098707403,0.03760282021151586,0.1562867215041128,0.16803760282021152,0.42655699177438305,0.03051643192488263
107,0.44847746650426307,8.016275274056028,28.88058465286236,4105,1841,197,0.058935142594296226,0.03300367985280589,0.08193422263109476,0.08377414903403864,0.13500459981600735,0.20578426862925484,0.13960441582336708,0.14759659613615456,0.06646734130634775,0.047895584176632935,0.07936961114600583
108,0.9609367105912282,2.2565812024868723,13.33893999304583,1345944,1293367,263,0.030142845613751915,0.027197159228472278,0.05128722459849891,0.029012993301589865,0.058833023969009766,0.15305463642966669,0.12016786377209265,0.1956662093454927,0.09753046566056009,0.23710757808086513,0.028045220200012422
109,0.9585100400568833,2.1641192240607436,15.206650815054338,1819163,1743686,107,0.0478682033514813,0.023474510358481228,0.05232270381107262,0.03796931344127837,0.048504560559994345,0.11206957505479742,0.10485752669164958,0.18631124938131938,0.11270593226331047,0.2739164250866153,0.049894625922023185
110,0.8081420528367259,5.085422260718924,22.617482315576723,2309,1866,202,0.06867219917012449,0.044605809128630707,0.036929460580912864,0.06887966804979254,0.04232365145228216,0.13651452282157675,0.13278008298755187,0.18589211618257262,0.09211618257261411,0.1912863070539419,0.056772237196765496
111,0.9568000710442044,3.031377162809903,17.96390653297902,1306229,1249800,231,0.03316535802179773,0.019336692839564046,0.023204031407476854,0.03879057775694363,0.037970233212234854,0.0555490448845658,0.07429977733505215,0.0992616899097621,0.09117543654048986,0.527247158092113,0.03408902862816482
112,0.6341628086419753,4.016933834876542,21.714478845164603,10368,6575,17,0.1262674574325617,0.08689496843313564,0.1372488999426057,0.08792806581212932,0.11184235699253874,0.1467763535488808,0.08773675148268606,0.10617945284101779,0.06003443657929979,0.04909125693514444,0.10456106717788961
113,0.35276967930029157,6.913177842565599,21.487876579203114,686,242,9,0.04713853250684734,0.025803661525154967,0.06486954014703762,0.05852674066599395,0.1196482629378694,0.18754504829176877,0.1196482629378694,0.19576185671039353,0.09643938301859593,0.08461871125846908,0.053796889295516924
114,0.1866740088105727,7.347846916299559,33.34964665932451,3632,678,72,0.09964292607604709,0.06412854661262304,0.12458984751978383,0.10422698320787492,0.1332754294537734,0.1734221192819919,0.11812391430225826,0.11672457054622659,0.037348002316155184,0.028517660683265778,0.08635253054101222
115,0.25375,9.762425,30.669583333333335,800,203,175,0.051123645805354105,0.0265914585012087,0.0770883695944131,0.07350702838212911,0.11352851642940281,0.18658787715999642,0.1111111111111111,0.1891843495389023,0.09356253917091951,0.07771510430656281,0.05018761726078799
116,0.17359111476758535,7.596122994652406,32.48575003427945,4862,844,35,0.29976242604928494,0.12176829552336144,0.13411282433502586,0.09381841896864955,0.12232729305445568,0.1139889132156333,0.05221968602972003,0.04541854940140681,0.006428471607583733,0.01015512181487865,0.1917423544381554
117,0.6967356092698729,6.276207326189882,25.095788686768003,4013,2796,196,0.08065568422769531,0.04167346273038656,0.10830207144022182,0.0771489153482303,0.12387864948621759,0.1591909965747839,0.117028217256565,0.1631055292774425,0.07413146305659762,0.0548850106018594,0.05047721467939239
118,0.6789546079779918,3.631328748280606,25.65356258596973,3635,2468,217,0.11811967861853939,0.14678018947115962,0.2090178678498621,0.14198345125314785,0.10145101331094855,0.12267657992565056,0.06727425350761482,0.04604868689291282,0.017867849862093776,0.028780429308070513,0.044807814822679974
119,0.9670479685327495,2.201038618425404,14.414046897677157,1345653,1301311,229,0.03933954593783226,0.014572518606541997,0.04915879667271249,0.01951341547313778,0.06185502532991432,0.1102007630245794,0.07580211395334292,0.14403652511101384,0.10813684408030522,0.3773844518106198,0.028821296958363125
120,0.9570034408515604,2.3714519286878506,16.5802670684347,993940,951204,114,0.03696652387751864,0.015230842455973346,0.0390290337934317,0.05679834999206727,0.06822148183404728,0.10011105822624147,0.07298112010153895,0.19165476757099795,0.16277962874821514,0.25622719339996824,0.021616541353383457
121,0.2981900452488688,7.1986334841628965,25.257262443438908,2210,659,220,0.04837758112094395,0.05383480825958702,0.08296460176991151,0.055825958702064894,0.10494100294985251,0.16607669616519175,0.1273598820058997,0.19653392330383482,0.08008849557522124,0.08399705014749262,0.0577790973871734
122,0.4255514705882353,6.364494485294117,23.44644607843137,1088,463,173,0.04129248845992446,0.048594208980276964,0.13151489718841797,0.107343684431389,0.16819135543432648,0.18648762064624422,0.13596307175828787,0.1228703315148972,0.04053713806126731,0.017205203524968526,0.058864531418812954
123,0.9042592618989922,2.802526905478029,17.00548515387795,140306,126873,4,0.17784594975541,0.13779951911118482,0.13473178011773485,0.06865102396152889,0.09352458336787994,0.11035569189951082,0.044855318796119724,0.12295829533206201,0.04568443744299809,0.06359340021557085,0.07151928877599618
124,0.25125,12.486587499999999,40.128968750000006,1600,402,55,0.12894026582471865,0.16769363955797728,0.1387686510159393,0.08998319498905127,0.11753322808983042,0.13734277129907826,0.0851963130824464,0.08025665834903499,0.025156592147476703,0.02912868564444671,0.12224212951113386
125,0.1506849315068493,9.034794520547946,30.94748858447489,73,11,59,0.0,0.0,0.0,0.0,0.0,0.0,0.0,0.0,0.0,0.0,0.0
126,0.941401325184389,2.3849253073665735,16.698473170024087,1291292,1215624,100,0.05228758169934641,0.0392156862745098,0.0,0.0,0.0718954248366013,0.026143790849673203,0.1568627450980392,0.1895424836601307,0.20915032679738563,0.2549019607843137,0.03347280334728033
127,0.3014827018121911,8.009884678747943,31.031562328390994,1214,366,241,0.11099330357142857,0.07170758928571429,0.141796875,0.09782366071428572,0.13069196428571428,0.1885044642857143,0.12360491071428571,0.09564732142857142,0.024386160714285714,0.01484375,0.11315750149432158
128,0.9314845024469821,5.296590538336053,18.77952691680261,613,571,8,0.0,0.0,0.0,0.0,0.0,0.0,0.0,0.0,0.0,0.0,0.0
129,0.9652835617616539,2.420787756574633,17.35064275910584,2685817,2592575,161,0.05449936628643853,0.015209125475285171,0.057034220532319393,0.024081115335868188,0.045627376425855515,0.11660329531051965,0.08745247148288973,0.24714828897338403,0.11660329531051965,0.23574144486692014,0.039125431530494824
130,0.17534138135760935,9.287094795171187,35.12674648723531,5053,886,39,0.07001211282228759,0.04779373594047413,0.08447828344004153,0.07842187229624502,0.12237411316836823,0.16189652188960027,0.1488838899463575,0.17255580550268212,0.07080809828690085,0.04277556670704274,0.07004301075268818
131,0.2345679012345679,22.031543209876546,46.37932098765432,162,38,23,0.06581432514891762,0.03821008281272701,0.06661339532180735,0.059930262966729625,0.08753450530292024,0.1596687490919657,0.10199041115792533,0.20652331832049978,0.11274153712044167,0.10097341275606567,0.05244755244755245
132,0.7871478975070855,3.6561235467638395,19.91552817783948,17289,13609,49,0.07593140883296323,0.05940044411547002,0.04620034542314335,0.05884529977794226,0.09949420182580804,0.15482358746607452,0.1426720947446336,0.16833209967924995,0.09690352825067851,0.09739698988403651,0.06330749354005168
133,0.5652173913043478,18.30826086956522,44.997826086956515,23,13,176,0.05052418845522294,0.03839838322596943,0.08664898320070734,0.08374384236453201,0.07578628268283441,0.14260452191486675,0.13780472401162056,0.19148667424529495,0.1006694454970317,0.09233295440191992,0.062232177639267625
134,0.9661364026613494,2.420311313209754,16.36795829407986,2585756,2498193,162,0.038974358974358976,0.027008547008547008,0.05641025641025641,0.024957264957264958,0.05435897435897436,0.13675213675213677,0.09982905982905983,0.15008547008547007,0.09606837606837607,0.31555555555555553,0.02159090909090909
135,0.8679131865350544,3.0515024677296863,15.461050736100574,63216,54866,7,0.0683191370214271,0.04538890035073241,0.09935453446903829,0.07948952223761384,0.11898376020513425,0.16410740074862212,0.1377287865837484,0.1672020984998084,0.06884965663591618,0.05057620324795897,0.06894819340058679
136,0.9580415551009143,2.2201616505945494,13.981499659493245,1405748,1346765,238,0.04805517865219358,0.04922357907432534,0.06030453791647822,0.05970149253731343,0.07541836273179557,0.10926428463741897,0.08845921905623398,0.14608774310266848,0.10967887833559475,0.2538067239559777,0.043002780352177944
137,0.8205309798794218,4.722362533594832,19.764706363042045,55068,45185,244,0.11738928358010756,0.0989310138769006,0.11768806852134653,0.10706460394396122,0.09544518956244605,0.1729300843237501,0.09189296859438284,0.12804594648429718,0.043655799747692715,0.0269570413651152,0.1046187879019032
138,0.6786303107165504,11.362461636017754,38.44655886704712,7885,5351,130,0.07365295938348809,0.07062093361126903,0.11660665782325816,0.10972143263217737,0.17288863622007453,0.18861726991346092,0.10567873160255195,0.09607731665719159,0.04415387530794012,0.021982186848588214,0.10856088046809696
139,0.26145038167938933,8.27240458015267,30.79264206955047,1572,411,136,0.12682572802322417,0.1068674589494693,0.1568538510387372,0.11104055157398167,0.1526807584142248,0.1640206840243128,0.1003356617980586,0.05089358613807493,0.016783089902930235,0.0136986301369863,0.11930572833362953
140,0.4,15.299999999999999,34.481111111111105,15,6,84,0.03582384957941613,0.0235526966848095,0.05432953983176645,0.04690747154873825,0.09203364670954972,0.13399307273626918,0.11707075705096487,0.223948540326571,0.1384463137060861,0.1338941118258288,0.04357814131569788
141,0.5949085123309467,5.109083532219571,22.127626624237603,6285,3739,247,0.16435343193022373,0.13007205157375806,0.17026924535456958,0.1409177095183921,0.13265073947667805,0.1355328024270004,0.06370875995449374,0.04277588168373151,0.010693970420932878,0.009025407660219947,0.10332187857961053
142,0.9540375661680678,4.4921052381711295,21.678314055154456,589786,562678,87,0.056591122435295696,0.016092262303875553,0.01984712350811318,0.01796969290599437,0.024808904385141477,0.05592061150596755,0.07871798310312458,0.23883599302668634,0.16534799517232132,0.32586831165347996,0.03236220472440945
143,0.26558005752636626,9.981716203259827,38.02671780121444,1043,277,171,0.08372514586755793,0.04673426613040276,0.13691723786325272,0.09918993938707302,0.11748711267206707,0.1532317453124115,0.1274004418512434,0.12031949243754603,0.051605959327026565,0.06338865915141902,0.04498448810754912
144,0.8705626660226998,6.356300410528857,28.76366014650246,4141,3605,194,0.0,0.0,0.0,0.0,0.0,0.0,0.0,0.0,0.0,0.0,0.39901477832512317
145,0.16723259762308998,10.348384267119409,35.26956234672702,3534,591,51,0.06449474864892424,0.0646986846130315,0.08488834505965127,0.1232283063118181,0.17161211379626798,0.20057102069950036,0.12567553788110533,0.11277658815132048,0.03890078515346181,0.013153869684918936,0.09757686294945284
146,0.9337103049943234,2.812929742182243,16.590082494700006,362892,338836,166,0.14524083511425284,0.06140062469176393,0.08622390267959888,0.05983889528193326,0.08704586552687818,0.14039125431530494,0.08244287358211409,0.12543153049482164,0.05630445503863225,0.15567976327469998,0.042216541145581425
147,0.7203138514765847,4.557887680711723,18.443364636105276,16186,11659,129,0.05368272347026398,0.044292401872524305,0.10415223955015096,0.11772527076812277,0.13312650619096425,0.21337359075925874,0.12132627905044181,0.11971967535525331,0.05249162073072768,0.04010969225229218,0.052900587784308714
148,0.32916777452805107,6.292297261366658,29.210245502082785,3761,1238,69,0.17246305638644582,0.11031742488503951,0.15826599401759006,0.1239341042010804,0.138711549622751,0.14871199607125318,0.07312826465467208,0.049823652841644715,0.01263449261127729,0.012009464708245904,0.11866436546792998
149,0.8627237908613165,3.4671173064932748,17.798627416050596,56135,48429,97,0.09896602658788774,0.055352561610821735,0.08800435357226152,0.08155173754178652,0.09492342377361425,0.1303739407603203,0.11676902744305372,0.13418331648915494,0.07315556246598771,0.12672004975511156,0.09170052234474753
150,0.9642364718964451,2.09693005722297,15.996145300441281,2413716,2327393,234,0.06114971572962729,0.02173089071383449,0.042451042324699935,0.030827542640555906,0.033480732785849655,0.07871130764371446,0.07542640555906506,0.15704358812381555,0.1034744156664561,0.39570435881238153,0.04472590540273105
151,0.9686738336891936,2.1315131377663565,14.058583974251773,1846699,1788849,239,0.047979340340703155,0.02976621964479884,0.043358100761145345,0.04394708227618702,0.04671076476984415,0.09718194998187749,0.09269662921348315,0.15376948169626675,0.09183581007611454,0.35275462123957957,0.03828187723523831
152,0.3264840182648402,7.912115677321157,31.537265347539325,1314,429,63,0.1383882328568469,0.046198466956701885,0.10814170292106899,0.09743802223603343,0.12554381603480422,0.2122781575858021,0.11269939921276155,0.09944064636420137,0.03791174642635177,0.021959809405427803,0.06963551902805074
153,0.21377551020408164,8.17693367346939,33.04720238095238,1960,419,77,0.2571567672833496,0.07994157740993184,0.10545277507302823,0.09571567672833496,0.11441090555014606,0.14586173320350534,0.0813047711781889,0.07575462512171373,0.0365141187925998,0.007887049659201558,0.15390576565406075
154,0.794734254168343,14.1440253006124,48.16351005021381,22371,17779,10,0.04855501705259379,0.041913480524142885,0.06821037515706337,0.06955663256147909,0.14054927302100162,0.19422006821037516,0.15867887273380005,0.1765392209657153,0.07467241069825883,0.027104649075569916,0.0930493273542601
155,0.2812793979303857,7.057309501411102,28.536030103480716,1063,299,102,0.043240514848153444,0.03617397156557584,0.06864642045932531,0.06974005215781946,0.10145537141414991,0.1928156809960461,0.16926053672078742,0.18945066038529487,0.07537646168082779,0.05384032977201986,0.05287137105318924
156,0.9474734729357995,2.4733716109162587,15.803603289350685,629263,596210,50,0.077426525067918,0.049024450481600396,0.09224499876512719,0.06693010619906149,0.08137811805384046,0.09088663867621635,0.0716226228698444,0.1554704865398864,0.1148431711533712,0.20017288219313412,0.044486611849040694
157,0.9150573565363306,3.3202217593195344,21.075342596208994,138258,126514,45,0.14258101193860148,0.14076179647527004,0.1791927231381467,0.1350767481523593,0.10631040363843093,0.10778851620238772,0.07197271176805004,0.05832859579306424,0.023536100056850483,0.034451392836839116,0.08656224237427865
158,0.5421143102707349,9.087872797593471,28.340343432173036,9308,5046,216,0.045808833584028444,0.03436802042025616,0.08049592050685993,0.08327635717215917,0.12899402889830894,0.1745293769087014,0.1431241168695018,0.17156661652764482,0.0801768540042846,0.0576598751082547,0.10035408740020674
159,0.9402508940530494,4.2680334827194155,22.526175805135882,375537,353099,261,0.03225806451612903,0.027982899339292655,0.018266614846482704,0.0,0.014380101049358725,0.10376991838321026,0.06801399144966964,0.26778080062184223,0.12125923047026817,0.3462883793237466,0.02483660130718954
160,0.2234927234927235,13.912681912681913,38.339362439362446,962,215,38,0.03731825525040388,0.026494345718901455,0.03974151857835218,0.06462035541195477,0.08190630048465267,0.17415185783521808,0.14410339256865912,0.22132471728594508,0.11663974151857835,0.09369951534733441,0.06661865322290242
161,0.963436271489299,2.278825325718041,15.921150674761327,1507669,1452543,249,0.03078685472900408,0.026849001217154722,0.04224242858165676,0.054199183790362995,0.05670509057063077,0.09472327629412186,0.11627407460442471,0.15307510560607146,0.13997279301209994,0.2851721915944727,0.04747757194454154
162,0.7498224852071006,5.066809467455623,21.721605522682445,8450,6336,82,0.07900358587014572,0.04783703364614328,0.12798504615854123,0.1151293202105745,0.14740215152208744,0.19520103761348898,0.10292210269321736,0.11394674601358053,0.03898680094605936,0.03158617532616159,0.0568946313210069
163,0.9050546664553953,3.451707494850262,17.68159773939682,63110,57118,181,0.03880418324588894,0.021303567027007992,0.030916581569773584,0.03035318145005106,0.06081200042255009,0.09743300820451424,0.11042642346561499,0.18796436494242755,0.1455685059333075,0.27641818373886407,0.03937243699027784
164,0.25622171945701355,7.06273190045249,30.28992269984917,1768,453,167,0.17014882655981683,0.11262163709215799,0.1762306811677161,0.12335432169433315,0.12864911276473956,0.1420291929021179,0.07605895821408128,0.05173153978248426,0.006439610761305095,0.012736119061247853,0.11154757090867079
165,0.882892606583918,3.796647521393879,18.635968699406376,25942,22904,80,0.10009331259720063,0.08454121306376361,0.09940902021772939,0.07073094867807155,0.09499222395023328,0.12367029548989114,0.11657853810264386,0.15247278382581647,0.06762052877138414,0.08989113530326594,0.07209612817089453
166,0.32270916334661354,9.821593625498007,30.01162018592298,251,81,240,0.288135593220339,0.0,0.0847457627118644,0.0,0.288135593220339,0.1694915254237288,0.1694915254237288,0.0,0.0,0.0,0.0
167,0.43217665615141954,7.360410094637224,26.99821240799159,317,137,73,0.07325962823472239,0.07119426558133884,0.1156603085894788,0.10533349532256105,0.1535657878751063,0.12683756530190743,0.11833313084679868,0.14724820799416838,0.05139108249301422,0.0371765277609039,0.0510092317321233
168,0.902992277992278,3.6646386341698816,18.267250341859718,66304,59872,25,0.07062060531947417,0.03627840619586263,0.08162641394069092,0.07031488841332925,0.05390808111688576,0.11168857637827372,0.09334556200957914,0.15510037705085092,0.11953531030265974,0.20758177927239377,0.07699307062364387
169,0.39473684210526316,14.042368421052629,37.99780701754386,38,15,245,0.08050356137154216,0.02782839158522445,0.053669040914361435,0.08149743249958588,0.10385953288056982,0.14758986251449396,0.09706808017227099,0.18469438462812654,0.11197614709292696,0.1113135663408978,0.050256786500366836
170,0.9708531564517261,1.8105544985541182,13.439575754586766,2879214,2795294,237,0.05022647206844489,0.013286361348766986,0.03331655762455964,0.027881227981882233,0.05002516356316054,0.08515349773527932,0.08384499245093105,0.10296930045294414,0.10679416205334676,0.44650226472068444,0.02353195164075993
171,0.9615748125527795,2.1269575460834425,15.790151550047051,1172330,1127283,113,0.036702649656526004,0.025318940137389598,0.05279685966633955,0.026692836113837094,0.07801766437684005,0.10029440628066733,0.059175662414131504,0.15250245338567223,0.10402355250245339,0.36447497546614327,0.03983528027565342
172,0.934581512232254,2.6201491664524146,15.286599888759481,198369,185392,24,0.14313698055128027,0.08577025325311319,0.07121869315796837,0.07695536588778508,0.05708688960402966,0.11067580803134182,0.08227228207639568,0.10409962221911291,0.07443682664054849,0.19434727857842451,0.07738364211477632
173,0.5175292153589316,6.488689482470785,25.513160823594877,1198,620,160,0.054775947393397056,0.03233679072605247,0.0753847196800217,0.07701172801843943,0.1004677648972951,0.15836214493932615,0.134770524032269,0.1957155447088333,0.10263710934851875,0.06853772625584706,0.06390777986784353
174,0.6183589138134593,7.103186245572608,25.832450314836674,6776,4190,70,0.09213675213675214,0.03623931623931624,0.09623931623931624,0.10495726495726496,0.16905982905982905,0.16205128205128205,0.1305982905982906,0.14495726495726496,0.044786324786324785,0.018974358974358976,0.06946594427244582
175,0.9630612276775254,2.574537707493289,16.603339603597338,448147,431593,125,0.009915014164305949,0.03328611898016997,0.03611898016997167,0.019830028328611898,0.04815864022662889,0.07365439093484419,0.09773371104815864,0.19475920679886685,0.1048158640226629,0.38172804532577903,0.034129692832764506
176,0.2732142857142857,8.11184523809524,28.582083333333337,1680,459,121,0.09928784365684001,0.05606160980457105,0.11179198410069559,0.11883073865518383,0.10988737992712819,0.15692282212653197,0.09589267969526333,0.13050679032792314,0.055895992050347794,0.06492215965551507,0.11122570839213983
177,0.41610576923076925,5.2736009615384605,27.087732371794875,4160,1731,62,0.0829252150893448,0.06783587028457976,0.12124420913302449,0.08550628722700199,0.14937127729980146,0.199867637326274,0.1156849768365321,0.11555261416280609,0.03553937789543349,0.026472534745201854,0.10599415204678363
178,0.22900763358778625,17.000229007633592,49.33994910941475,131,30,156,0.1919913843743881,0.04395927158801645,0.060798903465831215,0.05365185040140983,0.07440767573918151,0.15743097709026826,0.14842373213236734,0.16790679459565303,0.06990405326023105,0.03152535735265322,0.04956137062307865
179,0.9579179575390113,2.1483214343413235,14.517384407529194,841808,806383,143,0.054955661458647526,0.04482113772093865,0.07679314713156783,0.03830608674669723,0.0378234903782349,0.12517343306991616,0.11528020751643844,0.13379984315618024,0.09712251915304337,0.27592447366833567,0.040588831404341566
180,0.6365724381625442,14.985044169611307,48.74106890459362,5660,3603,219,0.02568435282189929,0.04291990537343697,0.0441027374112876,0.064041906049341,0.09597837107130787,0.1868874619803988,0.18452179790469753,0.1985468063534978,0.11811422777965529,0.039202433254477864,0.09188677621956466
181,0.6202908917501192,6.174620886981401,23.621858607534566,8388,5203,95,0.06767528049956846,0.04998223079656801,0.08260141138244402,0.06874143270548815,0.08346448697771235,0.15479514646900544,0.13578209879677108,0.16939127785957253,0.09564908361679443,0.09191755089607555,0.048081378206478245
182,0.8688259576802055,4.052761756300338,19.994343648662955,69282,60194,226,0.04224196195809597,0.04499372405136622,0.08694602684174954,0.09037366032634933,0.13686395674423096,0.20705802838659843,0.1479675581732162,0.13589842618518877,0.060297383412185,0.0473592739210196,0.04527968720438923
183,0.228310502283105,9.656173515981735,31.774124809741238,1095,250,29,0.12639967026172974,0.15655698289482722,0.11286666208696847,0.08896063749398915,0.09631105310160061,0.15875523802981384,0.06800851823864808,0.08257195850793432,0.05523116026653844,0.054338119117950126,0.07441535332994408
184,0.20402459474566798,8.710257126886528,33.852152040245954,1789,365,21,0.08465561167478658,0.06990568989406874,0.11983194028516515,0.09945023018817324,0.12537433513610155,0.16779153443883252,0.10490323157377196,0.12613417959147186,0.056317883162740806,0.045635364054887585,0.0713758079409049
185,0.3283582089552239,12.236417910447761,35.32462686567164,67,22,214,0.07996759634301585,0.04814257609073024,0.08077768776761948,0.09674806156694828,0.09177178567295452,0.1575049184122208,0.12243953246152066,0.18122902441847008,0.07719014003008912,0.06422867723643097,0.05603486613893089
186,0.7068117068117068,6.583201243201243,27.00342743676077,3861,2729,195,0.27278562259306804,0.12002567394094994,0.11467693624304665,0.08900299529311083,0.09520753102267865,0.10397946084724005,0.05562687205819426,0.06675224646983312,0.036371416345742404,0.045571245186136075,0.1788650491277321
187,0.9220193778684345,3.28556369199388,18.697818459969398,49025,45202,256,0.09427028648567572,0.07267136643167842,0.07619619019049048,0.08609569521523924,0.12269386530673466,0.13889305534723265,0.10491975401229939,0.13454327283635817,0.07259637018149093,0.09712014399280036,0.07588075880758807
188,0.2537634408602151,9.279043010752687,35.4013440860215,930,236,98,0.06299566063145294,0.02828071225497531,0.07167439772557235,0.07780936705072572,0.11102798144545863,0.1809067783929373,0.13856052670956157,0.16489600478826874,0.09845877599880293,0.0653897950022445,0.08314374353671147
189,0.9567471243359884,2.05976587879467,15.119422720153219,1356904,1298214,90,0.07601392374322027,0.033918886100542375,0.03521411802800939,0.032866510159475434,0.05609973285841496,0.10944709787096252,0.05010928519388003,0.15826115113737554,0.11980895329069861,0.32826034161742085,0.03678888268503009
190,0.19458128078817735,7.891083743842365,31.39378078817734,812,158,60,0.24647706892134255,0.14335126825518832,0.14860363822700487,0.10069177555726365,0.11952344350499616,0.11542403279528568,0.04624647706892134,0.042275172943889314,0.021906225980015372,0.015500896746092748,0.11588785046728972
191,0.23970783532536521,8.810258964143426,35.90482514386897,1506,361,32,0.1313017040231917,0.12621084635508734,0.1330693629357279,0.09333239058191331,0.13610973626529024,0.1607862546842961,0.10330198684861769,0.08081736548115676,0.02870678073958849,0.0063635720851304535,0.12781621920841407
192,0.8789600079484899,2.5375281650377897,14.449776812219328,412657,362709,75,0.14623254303345243,0.11805781097759013,0.12349788892497564,0.08562033127638843,0.1162715167262098,0.12970932120818449,0.093821045794089,0.07794738551477752,0.0354417018512504,0.07340045469308216,0.11917167668670675
193,0.11281337047353761,13.998948467966574,40.03081476323119,1436,162,203,0.03820489336647913,0.019625801386889966,0.0558681146146801,0.06646604736360068,0.08269004317676305,0.15033363862357713,0.1717911814732435,0.2221640716995944,0.12194164595054298,0.07091456234462908,0.0565020061829902
194,0.18248175182481752,13.226131386861312,47.19476885644768,137,25,221,0.10576114381833474,0.053301093355761144,0.12510513036164844,0.09114802354920101,0.10502523128679563,0.1347771236333053,0.1312026913372582,0.1402439024390244,0.060765349032800675,0.052670311185870476,0.061442057291666664
195,0.967043605417257,2.011600472811827,13.151020869973015,1673393,1618244,141,0.041357139754116166,0.028107215778270123,0.061210304531039574,0.053564446761371044,0.058343107867413875,0.08862244233024892,0.106824796906903,0.14970241974021462,0.09140275424649202,0.3208653720839307,0.029643669446550416
196,0.94243215396773,2.383954976042572,14.30415648295416,599814,565284,151,0.12005365526492287,0.058289128711663925,0.08279982927870252,0.051521248704347294,0.05408206816657521,0.1267605633802817,0.08084872873605269,0.12779708554356442,0.08627522712029755,0.21157246509359184,0.08817269686834904
197,0.9114950491015036,3.7922360539505306,18.952415345747934,49082,44738,145,0.04481369587109768,0.01649043303121853,0.039778449144008056,0.024798590130916415,0.049219536757301105,0.10649546827794562,0.08371097683786506,0.21362034239677744,0.1438821752265861,0.277190332326284,0.03336519245807629
198,0.33106060606060606,8.97919696969697,30.51375,1320,437,200,0.05167982375619607,0.031301633926932255,0.06177712502294841,0.061409950431430146,0.09473104461171288,0.13346796401689004,0.16210758215531484,0.18643289884340003,0.0916100605838076,0.12548191665136774,0.07367231638418079
199,0.5853827502597853,7.828510564599931,27.81452488165339,2887,1690,56,0.08205629159289334,0.053666279992673545,0.09658709322913486,0.13346358141522682,0.17296538250198426,0.18377190304658403,0.127480310153245,0.10708834483179681,0.027779473716344098,0.015141339520117224,0.054230677113627807
200,0.20193021529324426,9.584576837416481,30.845372432566197,2694,544,254,0.1236924206276381,0.08106992108643787,0.12084786199302625,0.0959350339511837,0.14222793173059278,0.17783079464121856,0.08992475683611671,0.11520462470178014,0.035465222976692974,0.0178014314553129,0.13994544395745856
201,0.47619047619047616,13.38809523809524,32.86746031746032,21,10,109,0.027396360291702254,0.031798173575980554,0.059063136456211814,0.07200578148610472,0.07371394783522765,0.1338939622889429,0.1382957755732212,0.23855200052558964,0.13271138558570397,0.09256947638131528,0.060886122979751066
202,0.6630286493860846,6.017900750341063,25.7506650750341,5864,3888,228,0.07921088924866583,0.06871739521496673,0.12820051568027824,0.10229657612280386,0.13017928884091862,0.16363854410265635,0.10985189182706721,0.12178449361395935,0.04029501708940457,0.05582538825927925,0.08015175030177617
203,0.1875746714456392,8.168273596176823,34.91139984070091,3348,628,213,0.13171162742346276,0.10759394978949009,0.1321274494516347,0.10587868392328084,0.11731378969800925,0.1682519881490722,0.08368418316960341,0.09777015437392796,0.03622849420448048,0.019439679817038306,0.11990142760027192
204,0.9591886266028982,2.2919976005350247,15.932424733704924,2393867,2296170,170,0.04802218654211064,0.034812436140709384,0.0422566048752007,0.04072398190045249,0.0517442709093563,0.11377901036345059,0.09378192964530725,0.19756239964968617,0.1425339366515837,0.23478324332214276,0.04806510157484925
205,0.43206487835308793,5.469886462882095,26.297336244541484,8015,3463,188,0.10777451644464514,0.06276811921426959,0.10382328591856702,0.10830134718145555,0.13881989914954468,0.17118235869647022,0.11673063897042221,0.10871528561752089,0.04034018213291187,0.04154436667419282,0.09822623828647925
206,0.2727272727272727,8.916033057851239,47.299035812672166,121,33,58,0.033114754098360656,0.04262295081967213,0.07672131147540984,0.051147540983606556,0.06557377049180328,0.1521311475409836,0.15639344262295082,0.22032786885245903,0.10426229508196722,0.09770491803278689,0.05357142857142857
207,0.9422139374820763,4.213525041061598,20.45542382529048,76714,72281,33,0.03814664867296446,0.023211875843454792,0.053711201079622135,0.04309491677912731,0.06495726495726496,0.0699055330634278,0.11075123706702654,0.16932073774179038,0.13252361673414306,0.2943769680611786,0.039390976393351027
208,0.24307036247334754,8.2127078891258,30.50284292821606,938,228,11,0.057657979293109604,0.060781863620135664,0.11995715815780078,0.08987861478043556,0.11076401285255266,0.16663691538736167,0.12245626561942163,0.1520885398072117,0.061942163513031064,0.057836486968939664,0.06021423591303797
209,0.6,14.946000000000002,18.846666666666668,5,3,204,0.029659899815449513,0.029000790930661744,0.08621144213023992,0.04402847350382283,0.0641972053783285,0.12430793567097284,0.14144476667545477,0.23253361455312418,0.13274452939625625,0.11587134194568943,0.0372392802792946
210,0.750253807106599,4.462568527918783,19.714196277495763,2955,2217,83,0.030031948881789138,0.06287539936102236,0.08472843450479234,0.08575079872204473,0.15054313099041533,0.21380191693290734,0.12421725239616613,0.13507987220447285,0.07079872204472844,0.042172523961661344,0.04814945364821995
211,0.24583866837387963,10.173841229193343,30.549231754161333,781,192,150,0.058716431497496585,0.0461993627674101,0.07715065999089668,0.08511606736458807,0.08830223031406463,0.17888029130632682,0.08033682294037324,0.1704597177969959,0.0974055530268548,0.11743286299499317,0.061991117690599555
212,1.0,0.7,6.008333333333333,2,2,110,0.0,0.0,0.0,0.0,0.0,0.0,0.0,0.0,0.0,0.0,0.0
213,0.9495657354559136,2.34290404750434,16.817106542712192,1675131,1590647,68,0.09266943291839558,0.03830657285465151,0.08328823140297072,0.058812917192855856,0.07553069938060016,0.11967045522881713,0.10620001202718143,0.1565337663118648,0.09206807384689399,0.17691983883576884,0.05928041691721788
214,0.872461859290967,3.8308956206783003,17.6425602751253,9111,7949,106,0.022113943028485756,0.043478260869565216,0.05734632683658171,0.050599700149925035,0.06596701649175413,0.13418290854572715,0.17691154422788605,0.18703148425787106,0.10794602698650675,0.15442278860569716,0.057412958266082545
215,0.8345872629013458,4.383377662392709,20.636039878492454,18874,15752,260,0.04962529126519302,0.03998992379872788,0.07588639083065685,0.11877322249511935,0.1683355375023616,0.2066880785943699,0.134643239498709,0.11467976572832042,0.05478934441715473,0.03658920586938724,0.054822668803682244
216,0.15168690958164643,7.285306342780029,34.115213675213674,3705,562,71,0.06579232603511814,0.04790808584435292,0.10063949707348797,0.10464990244959896,0.15353349230435726,0.1905484500325168,0.13228918274441795,0.14123130283980057,0.03566009104704097,0.027747669629308476,0.07156378753572622
217,0.8319451093026967,3.676283708313386,18.19674059890431,62670,52138,116,0.10901080887249628,0.06382869730034323,0.10742277547256801,0.12530095794272833,0.11203319502074689,0.18175298396598535,0.10701296040161877,0.10537370011782184,0.04774345576558578,0.04052046514010553,0.07725533752931013
218,0.218568665377176,8.601402321083173,32.57482269503546,1034,226,147,0.18341570565623283,0.14673256452498626,0.13783635365183966,0.11751784733662822,0.13311367380560132,0.14025260845689183,0.07468423942888523,0.045359692476661176,0.01043382756727073,0.010653487095002745,0.12577718030583096
219,0.32490835423499903,8.138406328381247,31.313406006817154,5183,1684,14,0.06755702280912365,0.04711884753901561,0.08307322929171669,0.08808523409363746,0.10102040816326531,0.16236494597839135,0.11365546218487395,0.1664765906362545,0.07509003601440577,0.09555822328931572,0.06739734991002781
220,0.44035874439461886,6.191605381165918,28.09437219730942,2230,982,198,0.07235024941254072,0.04369872614090778,0.08739745228181556,0.08484148905470586,0.1321268087562353,0.1748361297769716,0.14783361503895784,0.16720946530898298,0.05214989487570598,0.037556169353176405,0.059405454500822345
221,0.23473365093113902,6.921316587267216,28.455168182474377,2309,542,123,0.07863214837712519,0.06536579082946935,0.11366563626996394,0.10033487892838742,0.11746522411128284,0.1539155074703761,0.10394126738794436,0.14966512107161256,0.06027820710973725,0.056736218444100976,0.06684247895324069
222,0.9591966563739556,2.5247781046945343,17.621859543805133,741949,711675,158,0.043977682966852644,0.02822448309812931,0.04217262881522809,0.06498194945848375,0.04627502461437479,0.10206760748276994,0.08286839514276337,0.12405644896619626,0.09090909090909091,0.3744666885461109,0.05355064027939464
223,0.25424657534246575,7.151271232876712,29.59922374429223,1825,464,242,0.08867097851032756,0.05967035259753808,0.1329021489672439,0.09545170039641143,0.13540580012518255,0.18641769246818277,0.10035468391404131,0.1258084706864177,0.05174212393073232,0.023576048403922387,0.11800864631180762
224,0.9333333333333333,3.5346666666666664,12.9,15,14,199,0.0,0.0,0.0,0.0,0.0,0.0,0.0,0.0,0.0,0.0,0.0
225,0.37537202380952384,9.193578869047617,28.636235119047623,2688,1009,135,0.04576258280667022,0.05238711642427473,0.0879463945785426,0.0900022843219371,0.11558669001751314,0.16424274727784968,0.1394959262925455,0.17117185715373487,0.07865681870098226,0.054747582425949896,0.05816567074173565
226,0.27185501066098083,7.97313432835821,30.951154939587777,938,255,248,0.15205318074722315,0.10619320094244362,0.15255806125883542,0.1392628744530461,0.15129585997980477,0.1365701783911141,0.07430158195893638,0.0640356782228206,0.0207842477280377,0.0029451363177381354,0.11287005297600498
227,0.6797754888052797,3.1572536853142537,16.575958181706046,81065,55106,42,0.130557476829437,0.10850740074699128,0.13194079402406972,0.10114815327154517,0.11603264628579334,0.15421220085765666,0.08709365057407664,0.0962512104025453,0.03530225480702725,0.03895421220085766,0.1302152597768511
228,0.45777572681125983,6.874706968158745,27.85937548069528,2167,992,119,0.1569706888855825,0.12527897634280613,0.1763130486534742,0.12661806278827556,0.13643803005505134,0.13725636066061597,0.07714625799732183,0.04798393096265437,0.0076625502157417055,0.008332093438476417,0.1131637168141593
229,0.9533894956224442,2.3982068754896853,15.996834781135234,2049774,1954233,79,0.09237349836184928,0.04322897706589006,0.0825900982890426,0.0779941754641427,0.08709501274117219,0.12477247906807426,0.10265744448489261,0.1639515835456862,0.0745358572988715,0.1508008736803786,0.052840583858042356
230,0.304635761589404,15.840596026490065,41.341059602649004,151,46,201,0.06593789975578555,0.03674845912315385,0.06442609605768113,0.06896150715199442,0.08721944412140947,0.1578090475636702,0.15071519944179557,0.14897081055936737,0.11850215141295499,0.10070938481218747,0.06672502674837077
231,0.9772727272727273,12.337045454545455,32.439772727272725,44,43,2,0.0,0.0,0.0,0.0,0.0,0.0,0.0,0.0,0.0,0.0,0.0
232,0.17461430575035064,7.669179523141656,30.048527349228614,1426,249,149,0.0708724832214765,0.05295302013422819,0.09093959731543624,0.08006711409395974,0.11073825503355705,0.1665771812080537,0.11865771812080537,0.15691275167785235,0.06818791946308725,0.08409395973154363,0.05570652173913043
233,0.2963473466574776,9.305072363886975,28.72764759935677,1451,430,131,0.030749381786904634,0.026771314912375013,0.0938608751747124,0.08031394473712504,0.13546930437587357,0.1987958284055478,0.12525534888721643,0.1309536608966778,0.08611977206751963,0.09171056875604773,0.07306434023991276
234,0.4166666666666667,14.13537037037037,37.40601851851852,108,45,118,0.053535791757049894,0.02577006507592191,0.076529284164859,0.06533622559652928,0.10524945770065076,0.13986984815618222,0.10646420824295011,0.19696312364425161,0.09726681127982646,0.13301518438177873,0.05176197237640377
235,0.3530201342281879,9.727295302013424,32.21564876957495,1490,526,124,0.0689753591475597,0.043097707163923506,0.07230520407192464,0.0647892683855009,0.12406050803919703,0.146322899819237,0.14013890210255922,0.16411378555798686,0.09999048615735896,0.07620587955475217,0.0703080836630865
236,0.5,7.864999999999999,21.54375,8,4,30,0.03225806451612903,0.008684863523573201,0.04714640198511166,0.038461538461538464,0.12655086848635236,0.16129032258064516,0.17121588089330025,0.20719602977667495,0.1315136476426799,0.07568238213399504,0.05069124423963134
237,0.5555555555555556,6.082222222222223,26.864814814814814,9,5,99,0.0,0.0,0.0,0.0,0.0,0.0,1.0,0.0,0.0,0.0,0.0
238,0.3516483516483517,9.52868131868132,47.362271062271056,91,32,184,0.06,0.0,0.26,0.0,0.12,0.36,0.1,0.0,0.0,0.1,0.14102564102564102
239,0.9482861054426162,4.043834887505487,20.351385408863507,38713,36711,66,0.10879243183082916,0.07067334446299388,0.11129660545353366,0.034223706176961605,0.06983861992209238,0.07178631051752922,0.06399554813578186,0.11129660545353366,0.06733444629938787,0.2907623817473567,0.13544328680951445
240,0.9511233285286326,2.2880576362797758,18.17720939655933,2285262,2173566,186,0.08233028406355321,0.041405873856523834,0.029369282619162253,0.023110255175734232,0.0548868560423688,0.07558979297063072,0.06355320173326914,0.1439576311988445,0.09340394800192585,0.3923928743379875,0.06669164481079055
241,0.3261231281198003,6.705415973377704,27.724667221297832,1202,392,67,0.07642663043478261,0.04898097826086956,0.11970108695652174,0.09035326086956522,0.1141983695652174,0.17880434782608695,0.0999320652173913,0.14456521739130435,0.0639945652173913,0.06304347826086956,0.07677103454471947
242,0.19047619047619047,14.983280423280425,39.79567901234569,189,36,46,0.02644360496492175,0.02266594711279007,0.06637884511602807,0.09390178089584458,0.06691851052347544,0.14463032919589855,0.16675661090124122,0.1985968699406368,0.14031300593631948,0.07339449541284404,0.082358040745557
243,0.7303385416666667,12.989968749999997,44.208760850694425,7680,5609,215,0.08236362135842205,0.06057605017743666,0.10836015515391599,0.08632499793678303,0.14475530246760748,0.17727160188165386,0.12701163654369893,0.14046381117438309,0.04489560122142444,0.027977222084674423,0.1620782726045884
244,0.2536443148688047,8.122880466472301,28.656161321671522,1715,435,174,0.13540961408259986,0.1024373730534868,0.16580907244414353,0.13459715639810427,0.12850372376438726,0.17928232904536223,0.06438727149627624,0.05660121868652674,0.02078537576167908,0.012186865267433988,0.13496013529838125
245,0.19298245614035087,13.90157894736842,39.86111111111111,57,11,172,0.046242774566473986,0.04689963215974777,0.06699947451392538,0.05557015239096164,0.09077771939043615,0.14253809774040987,0.1602732527588019,0.1869416710457173,0.12270099842354178,0.08105622700998423,0.04888712241653418
246,0.2980225988700565,9.815833333333332,30.54620998116761,708,211,252,0.022350332594235033,0.03813747228381375,0.07875831485587584,0.0541019955654102,0.09294900221729491,0.16337028824833702,0.13569844789356986,0.2138359201773836,0.1096230598669623,0.09117516629711751,0.051911045034999694
247,0.9560879091948696,2.5138154910612722,17.70552236534311,729298,697273,144,0.09918543363679923,0.04807538731831976,0.11132406963743811,0.029867433317361445,0.06612362242453282,0.13336527711228238,0.08672735984666986,0.15636479795559816,0.08800511100463185,0.1809615077463664,0.03801671819535097
248,0.20273738237810093,7.455158254918732,28.216909039064728,1169,237,153,0.14705097411262344,0.06485188150520416,0.21724045903389377,0.10915398985855351,0.13824392847611422,0.13530824659727783,0.08620229516946891,0.05951427808913798,0.01894849212703496,0.02348545503069122,0.12564102564102564
249,0.31169871794871795,7.487243589743591,28.512045940170935,1248,389,18,0.14191111800920897,0.10605825443633918,0.1297532205494335,0.11764705882352941,0.13787573076724094,0.17745356717885044,0.09690102954110404,0.06689430389570077,0.015313777225929949,0.010191939572662838,0.13846701049261959
250,0.9660058307236866,9.795958678375202,35.87485397818712,2266271,2189231,138,0.0,0.0,0.0,0.0,0.0,0.0,0.0,0.0,0.0,0.0,0.0
251,0.7802633842602099,2.8622586892942556,15.235284759489371,180193,140598,74,0.20331983481015195,0.12473437312056453,0.13736417946353394,0.10103845074375527,0.12028386993304198,0.1337957579888537,0.06976464456116435,0.05805701455434826,0.024618098712962593,0.027023776111623432,0.09923267969010639
252,0.386317907444668,9.0303722334004,36.38660295103957,994,384,180,0.04298740772904907,0.03213200173686496,0.10261977131278043,0.06556665219279201,0.10146186134028079,0.16268635113619917,0.14835721522651613,0.18801563178462874,0.08771168041684758,0.0684614271240411,0.07817168699022854
253,0.6559477124183006,6.919508496732024,23.49941176470588,3825,2509,134,0.06056726413236163,0.036734291904668114,0.08243056923379949,0.09474098877289738,0.09966515658853654,0.19233799487886546,0.15570218633051014,0.14614930076817018,0.06578688201693914,0.06588536537325192,0.04844843322178278
254,0.21735319894829097,9.213908851884312,38.006558574349974,1141,248,208,0.0803723533706498,0.05323679727427598,0.1008761255779995,0.06029447554149428,0.09217571185203212,0.1567291311754685,0.12411779021659772,0.19280846921392067,0.07215867607690436,0.06723046970065709,0.0806868060934676
255,0.7847769028871391,4.5177223680373295,22.78101487314086,6858,5382,36,0.10094490628388496,0.06707285588888315,0.12201166933443486,0.07672845562038519,0.13068621882583775,0.16951515464449837,0.10610832860019621,0.13760520472969484,0.05431920276759436,0.03500800330459028,0.09965337954939342
256,0.3142857142857143,12.909857142857144,46.21214285714287,70,22,187,0.1298861188057864,0.027393044013542627,0.06863650353955063,0.0886426592797784,0.09772237611572791,0.13342566943674977,0.13250230840258542,0.1698984302862419,0.08910433979686057,0.06278855032317636,0.05045045045045045
257,0.364330906052286,6.767043094186463,28.969406310930733,8377,3052,89,0.08891311118031765,0.06345375272500779,0.10207100591715976,0.10835150005190491,0.11865462472749923,0.19163292847503374,0.11974462784179384,0.11377556316827572,0.048323471400394474,0.045079414512612895,0.07675785063816945
