NTACode,NTACode,NTACode,Civilian labor force estimates,Civilian labor force error,Unemployment estimates,Unemployment error,Employed estimates,Employed error,"Agriculture, forestry, fishing and hunting, and mining estimates","Agriculture, forestry, fishing and hunting, and mining error",Construction estimates,Construction error,Manufacturing estimates,Manufacturing error,Wholesale trade estimates,Wholesale trade error,Retail trade estimates,Retail trade error,"Transportation and warehousing, and utilities estimates","Transportation and warehousing, and utilities error",Information estimates,Information error,"Finance and insurance, and real estate and rental and leasing estimates","Finance and insurance, and real estate and rental and leasing error","Professional, scientific, and management, and administrative and waste management services estimates","Professional, scientific, and management, and administrative and waste management services error","Educational services, and health care and social assistance estimates","Educational services, and health care and social assistance error","Arts, entertainment, and recreation, and accommodation and food services estimates","Arts, entertainment, and recreation, and accommodation and food services error","Other services, except public administration estimates","Other services, except public administration error",Public administration estimates,Public administration error,Total households estimates,Total households error,"Less than 10,000 estimates","Less than 10,000 error","10,000 to 14,999 estimates","10,000 to 14,999 error","15,000 to 24,999 estimates","15,000 to 24,999 error","25,000 to 34,999 estimates","25,000 to 34,999 error","35,000 to 49,999 estimates","35,000 to 49,999 error","50,000 to 74,999 estimates","50,000 to 74,999 error","75,000 to 99,999 estimates","75,000 to 99,999 error","100,000 to 149,999 estimates","100,000 to 149,999 error","150,000 to 199,999 estimates","150,000 to 199,999 error","200,000 or more estimates","200,000 or more error"
BK09,BK09,BK09,14526,1497,446,294,14080,1471,53,113,212,235,360,308,255,272,722,395,178,173,1207,590,2579,775,3946,932,2850,889,781,428,565,389,372,278,11338,772,402,303,296,292,446,246,469,307,610,394,899,437,1231,518,1781,600,1570,556,3634,779
BK17,BK17,BK17,32882,4333,2250,1294,30632,4148,5,244,2048,1293,1140,890,670,608,2664,1494,2298,1218,987,760,2679,1232,3272,1508,9706,2713,2348,1457,1535,1011,1280,899,25741,1661,1741,1037,1976,1149,2506,1212,2111,1168,2914,1342,3763,1464,3027,1352,3848,1478,1967,1041,1888,954
BK19,BK19,BK19,15055,2388,893,659,14162,2276,48,149,1012,605,381,365,275,307,1369,768,1360,719,175,204,961,564,1454,785,5187,1479,949,606,677,472,314,273,14287,955,1423,689,2287,817,1667,714,1282,666,1408,698,2232,852,1165,619,1429,712,727,510,667,375
BK21,BK21,BK21,11879,2117,1529,773,10350,1921,23,123,734,541,347,334,289,327,772,559,1070,602,150,163,523,391,866,504,3249,1030,1113,640,635,447,579,404,11454,757,1665,658,1894,698,1855,748,1271,621,1195,622,1279,645,668,430,1060,521,279,215,288,265
BK23,BK23,BK23,7945,1107,358,305,7587,1062,0,58,343,242,171,147,129,166,738,463,565,356,175,171,937,514,831,455,2803,678,312,234,379,279,204,163,8390,366,596,323,1013,416,1157,473,747,363,1156,473,1342,469,1000,459,732,360,383,277,264,180
BK25,BK25,BK25,20203,3099,1274,851,18929,3078,13,197,1032,777,604,492,1488,960,2293,1059,1524,850,360,390,1741,892,1664,883,5339,1571,1497,1041,841,648,533,433,15707,1143,957,655,1218,757,1670,914,1624,850,1773,863,2350,1097,1694,856,2353,971,952,630,1116,684
BK26,BK26,BK26,14307,2398,1472,846,12835,2234,30,108,793,599,457,373,412,349,1274,757,1088,703,172,226,1395,694,1339,673,3698,1154,1153,647,558,419,466,369,11433,767,1056,563,1234,590,1634,703,954,539,1288,601,1346,677,1323,583,1477,661,606,444,515,384
BK27,BK27,BK27,16047,2318,934,565,15113,2219,6,128,1387,870,776,555,461,365,1520,718,1243,693,361,330,1306,690,1548,674,4127,1092,1103,626,668,498,607,433,11295,796,518,388,755,454,1332,688,937,518,1241,618,1559,703,1545,700,1945,778,827,502,636,377
BK28,BK28,BK28,45691,6657,3228,1888,42463,6282,95,357,4246,2419,2164,1370,1453,1134,4103,2111,2889,1626,981,847,3132,1618,4017,1820,10263,2982,5516,2730,2570,1607,1034,902,29892,2006,1897,1243,1922,1250,3630,1715,2973,1638,4200,1867,4604,1942,3599,1646,3702,1699,1880,1253,1485,1018
BK29,BK29,BK29,32313,4477,2134,1199,30179,4256,51,237,2600,1532,1585,1018,941,751,2809,1398,2406,1233,723,662,2252,1101,2904,1389,7749,2177,3578,1714,1712,1111,869,707,22457,1515,1690,972,1527,868,2842,1312,2086,1088,2684,1311,3604,1475,2459,1140,2984,1220,1443,873,1138,708
BK30,BK30,BK30,21560,3196,1471,891,20089,3035,0,204,1291,801,1201,853,532,498,1834,1007,1443,819,352,339,1761,855,1811,853,5166,1707,2695,1342,1341,818,662,504,14720,1179,967,626,729,554,1717,883,1384,742,1583,829,2406,988,1519,771,2133,883,1030,582,1252,599
BK31,BK31,BK31,42144,5821,2427,1415,39717,5623,25,344,1984,1396,1488,1139,908,788,3596,1914,1877,1208,1683,1103,4662,2000,5320,2149,10682,3047,3784,2061,1738,1151,1970,1226,33110,2597,2163,1363,1545,1122,2852,1502,2568,1474,3128,1621,5156,1929,3780,1733,5823,2036,2412,1238,3683,1520
BK32,BK32,BK32,27929,4108,2041,1093,25888,3850,28,209,2502,1278,1875,1073,547,483,2534,1275,1091,771,1098,622,1201,736,3104,1197,5002,1534,4570,1716,1832,1153,504,525,16590,1153,1179,742,1094,707,1905,990,1509,882,2152,1065,2946,1181,1923,942,2005,906,741,542,1136,607
BK33,BK33,BK33,25214,2983,1865,966,23349,2892,58,191,501,418,754,518,286,319,1946,890,582,631,2780,1076,2416,1090,5990,1706,4371,1468,2069,932,877,648,719,538,18215,1130,1809,774,981,523,806,609,960,667,1018,626,1729,875,1312,698,2448,992,2400,914,4752,1201
BK34,BK34,BK34,32492,4381,1771,973,30721,4214,20,237,2242,1222,2032,1133,566,544,3154,1404,1596,946,460,461,1374,867,2270,1076,5709,1824,8230,2454,2542,1262,526,553,19103,1335,1168,714,1579,865,2665,1101,2170,1001,2734,1152,3531,1287,1888,1009,2014,964,716,598,638,543
BK35,BK35,BK35,35810,5162,3328,1766,32482,4900,35,252,1251,969,541,572,615,694,3039,1542,2555,1522,1655,1026,1890,1219,4830,2090,8720,2669,3909,1902,1905,1253,1537,1113,26566,1838,3245,1469,2274,1225,2533,1327,2529,1417,2975,1437,3756,1647,3081,1485,3298,1504,1322,915,1553,869
BK37,BK37,BK37,46362,5059,1948,1168,44414,4961,39,286,800,745,1017,766,673,649,3009,1504,556,511,4417,1750,4721,1917,11175,3110,10225,2815,4385,1979,1883,1169,1514,1050,30941,2080,1207,923,570,619,964,782,1024,828,1745,1108,2841,1361,3702,1559,5951,1834,4324,1684,8613,2052
BK38,BK38,BK38,26975,2692,2160,1119,24815,2454,18,159,657,510,840,563,316,298,2079,945,415,400,1885,757,3144,998,6119,1481,5102,1393,2212,971,973,565,1055,629,19205,1112,1718,730,666,440,1542,718,1151,685,1121,643,1567,759,1526,719,3074,982,2114,797,4726,1018
BK40,BK40,BK40,12891,1421,425,298,12466,1394,0,77,157,156,337,283,351,313,596,388,345,264,1139,518,966,431,2768,807,3251,814,1222,557,658,383,676,402,9281,475,439,329,242,190,465,316,449,269,623,393,1127,545,1349,534,1807,575,1028,456,1752,526
BK41,BK41,BK41,16914,2022,1133,631,15781,1877,64,179,966,620,422,310,397,340,1489,696,1277,670,717,396,931,532,1787,698,4735,1182,1798,822,762,511,436,335,12086,677,492,399,917,485,1294,618,977,528,1644,668,2070,744,1467,624,1861,666,719,385,645,389
BK42,BK42,BK42,55781,6719,3891,2146,51890,6408,17,352,2441,1749,1353,1176,817,840,4861,2474,3985,2307,2133,1367,3626,1905,5807,2458,16844,4136,5567,2509,2675,1809,1764,1400,38816,2091,3067,1728,2480,1511,3779,1898,3696,1889,4505,2045,7601,2592,4780,2174,4862,2192,1938,1233,2108,1183
BK43,BK43,BK43,23877,3253,1550,969,22327,3174,11,222,1194,885,878,743,980,685,1892,1049,1628,993,406,458,2025,1073,2549,1216,8003,2138,1343,930,804,692,614,499,18684,1208,1327,802,1808,909,1865,991,1635,868,2030,957,2968,1226,1866,943,2389,1035,1239,700,1557,841
BK44,BK44,BK44,19676,2463,970,638,18706,2356,26,196,1047,711,653,498,1015,654,1799,893,1182,682,580,474,1526,732,2202,939,5817,1476,1405,766,757,508,697,540,14902,915,941,576,826,509,1349,680,1081,623,1703,780,2228,886,1784,750,2508,895,1037,623,1445,687
BK45,BK45,BK45,22924,3164,1188,750,21736,3061,4,232,1234,851,614,566,539,580,2119,1109,1739,991,454,443,1766,950,2408,1176,7458,1855,1468,985,765,633,1168,741,16476,1166,515,486,554,483,945,695,1215,771,1569,897,2199,1039,2261,1035,3236,1204,2038,936,1944,888
BK46,BK46,BK46,8459,1290,433,317,8026,1249,17,111,314,258,379,324,364,253,754,394,469,379,157,151,630,402,949,431,2924,805,522,366,303,237,244,215,6752,541,508,306,510,294,712,375,705,384,680,389,1057,455,609,316,843,377,299,198,829,364
BK50,BK50,BK50,45430,6600,2729,1719,42701,6185,43,429,2159,1553,632,727,554,769,3685,1941,4670,2269,908,943,2314,1472,3175,1842,18185,3914,2629,1727,1196,1079,2551,1622,29227,1889,1910,1174,1275,1029,2416,1408,2286,1396,3388,1799,4545,1983,4322,1937,5240,2064,2261,1330,1584,1108
BK58,BK58,BK58,36515,5011,2958,1655,33557,4736,69,377,1782,1301,628,653,357,512,2950,1694,3067,1551,804,767,2657,1444,2788,1533,12936,3038,2161,1425,1523,1130,1835,1149,22945,1562,1052,831,833,724,1580,952,1510,1069,2681,1416,3920,1639,3366,1543,4211,1621,2091,1113,1701,1030
BK60,BK60,BK60,36344,5119,2984,1625,33360,4857,10,241,1311,956,598,702,427,512,2980,1623,1989,1352,1224,854,2346,1420,4267,1831,11843,3006,2889,1511,2015,1270,1461,1051,27232,1651,2764,1387,1643,1043,2454,1274,3005,1487,3784,1677,4509,1757,3236,1477,3245,1472,1377,987,1215,821
BK61,BK61,BK61,59259,7942,4261,2406,54998,7645,33,382,1979,1576,871,893,608,762,4640,2488,3467,2212,2927,1660,3480,2095,8348,3266,16972,4578,5682,2742,3886,2237,2105,1552,44722,2751,6138,2521,3531,1986,4672,2313,3976,2201,5381,2508,6389,2580,4418,2160,5735,2430,2271,1396,2211,1321
BK63,BK63,BK63,21460,2642,1772,1041,19688,2532,0,123,439,447,454,394,346,372,1875,1060,1548,794,926,607,1549,841,2515,927,6601,1637,1600,824,1047,675,788,603,15201,839,1023,631,1199,686,1748,775,1249,746,2049,936,2875,1032,1971,900,1937,835,530,427,620,466
BK64,BK64,BK64,13670,1577,732,418,12938,1565,44,131,199,201,227,224,128,163,725,462,349,290,1399,701,1086,492,3374,835,3131,930,1054,488,708,410,514,304,9449,657,642,375,322,284,424,358,378,300,775,476,916,405,1158,532,1557,543,1190,481,2087,590
BK68,BK68,BK68,17756,2367,1542,723,16214,2166,30,143,301,359,650,413,143,200,1218,655,872,709,1192,539,1358,630,3628,1171,3942,1139,1477,829,733,503,670,493,13317,836,1280,605,762,489,1052,567,1021,536,1185,632,1715,739,1258,608,2085,739,1127,496,1832,603
BK69,BK69,BK69,23479,2755,1276,794,22203,2588,15,136,595,503,734,487,372,353,1699,785,693,513,2070,839,1576,727,4628,1228,4975,1356,2557,1032,1244,695,1045,657,16630,978,1338,749,801,563,693,466,992,601,1550,775,2201,883,2360,868,2910,951,1715,779,2070,727
BK72,BK72,BK72,9361,1437,364,292,8997,1386,0,99,184,202,616,380,546,406,1210,579,288,261,217,247,914,555,1064,687,2973,895,476,348,445,360,64,129,8258,513,809,434,1331,571,1715,585,1111,498,959,481,808,482,610,424,411,308,197,225,307,275
BK73,BK73,BK73,35992,3981,1687,1109,34305,3802,0,191,768,648,1148,756,817,672,3109,1483,701,679,3570,1534,3714,1545,8941,2293,5466,1763,3724,1624,1347,843,1000,841,24582,1456,1827,1045,1207,795,1476,949,1547,912,2123,1185,2651,1169,2716,1230,3918,1408,2496,1041,4621,1309
BK75,BK75,BK75,37241,5179,3082,1659,34159,4964,27,263,973,799,1344,971,886,751,3761,1882,1907,1279,2061,1177,2194,1206,5016,1999,9095,2633,4089,1842,1502,1021,1304,958,26670,1743,3217,1505,2197,1268,3466,1521,2290,1355,2673,1357,3727,1654,2538,1257,2973,1314,1725,1022,1864,965
BK76,BK76,BK76,22912,2702,1137,759,21775,2634,0,149,1157,735,921,657,477,421,2064,961,568,478,2098,865,1495,828,5400,1558,3184,1061,2710,993,1097,653,604,501,15995,1085,910,638,634,560,1315,699,862,626,1196,734,2127,896,2127,916,3122,992,1492,708,2210,858
BK77,BK77,BK77,32461,4360,2180,1263,30281,4043,171,399,2511,1508,1300,846,895,705,3679,1610,1502,994,1871,1068,1262,812,4444,1541,5411,1681,5015,1829,1713,982,507,491,19532,1070,1849,971,1407,881,2390,1069,1689,989,2342,1155,2875,1132,2134,959,2844,1112,1249,729,753,555
BK78,BK78,BK78,39696,6432,3787,2068,35909,6099,55,298,2180,1569,1454,1102,495,576,4273,2078,1812,1324,2238,1354,1784,1167,5506,2303,7667,2839,5344,2325,1963,1466,1138,937,26921,1815,3759,1829,2483,1408,2849,1554,2374,1490,2954,1583,3854,1777,2729,1470,3342,1544,1388,935,1189,829
BK79,BK79,BK79,15920,2407,989,660,14931,2307,10,130,703,572,582,508,304,373,1323,774,1545,865,585,534,716,530,1631,841,4545,1335,1220,751,831,602,936,630,13468,889,2204,876,862,550,1654,836,1382,744,2170,899,2000,871,1181,657,1140,659,532,400,343,296
BK81,BK81,BK81,20606,4783,3873,1825,16733,4315,8,190,605,618,390,449,307,421,1581,1135,1638,1096,183,301,736,714,1412,1235,6373,2315,1632,1152,1088,947,780,684,21343,1530,6269,1878,2650,1287,2919,1354,1963,1144,2563,1254,2460,1240,1091,761,1070,797,148,279,210,309
BK82,BK82,BK82,41435,7074,3690,2152,37745,6773,68,382,1956,1493,1200,1149,464,645,4182,2331,4558,2434,517,756,1916,1434,3648,2177,12566,3914,3032,1894,1748,1355,1890,1444,34142,2352,6122,2429,2583,1623,3969,2002,3738,1882,4727,2235,4597,2200,3420,1778,3178,1821,1055,941,753,772
BK83,BK83,BK83,22272,3530,1233,864,21039,3409,67,226,1725,1036,728,615,506,522,2493,1294,2650,1213,305,346,1075,717,2016,1038,5186,1730,2096,1206,1421,930,771,629,14784,1123,1931,980,725,621,1475,833,1450,864,1811,945,2810,1138,1684,892,1738,857,745,546,415,385
BK85,BK85,BK85,13293,2227,1541,776,11752,2185,45,155,539,465,268,295,175,234,1311,736,1300,682,141,224,449,417,1376,796,3787,1150,869,613,728,581,764,563,10468,758,2456,949,821,509,980,624,1130,658,1197,675,1640,774,839,566,905,590,372,312,128,171
BK88,BK88,BK88,36575,5824,1793,1296,34782,5598,56,374,2480,1926,1619,1196,2063,1394,4247,2206,1434,1143,589,674,2560,1463,3000,1658,11007,3249,3319,1803,1975,1517,433,551,25857,2341,1887,1264,2283,1393,4157,1926,3378,1695,3128,1629,3488,1764,2404,1466,2764,1460,1258,969,1110,824
BK90,BK90,BK90,22805,2803,1573,944,21232,2769,8,131,408,382,850,554,515,430,2244,972,768,555,2036,882,1424,751,4545,1503,4128,1261,3044,1192,781,551,481,414,16227,903,1548,787,1250,708,1621,802,1166,618,1244,694,2066,860,1814,792,2395,890,1338,627,1785,695
BK91,BK91,BK91,26826,3800,1589,1021,25237,3684,0,238,1347,939,465,522,359,444,2049,1124,2377,1146,470,501,1328,897,2143,1190,10578,2384,1487,1003,1499,961,1135,799,18474,1231,1339,845,680,593,1697,999,1823,985,2759,1173,3569,1370,2402,1142,2580,1144,922,693,703,590
BK93,BK93,BK93,5133,712,422,218,4711,708,0,34,115,131,131,175,11,61,481,260,422,259,0,34,323,201,538,352,1674,503,273,187,146,153,597,361,6629,215,781,319,1239,344,1200,408,658,303,998,392,1018,400,435,224,215,190,40,68,45,74
BK95,BK95,BK95,14477,2167,1032,639,13445,2010,0,94,671,444,248,237,254,285,1199,620,1165,569,118,183,766,516,1675,735,5000,1205,1046,596,621,393,682,450,10133,715,950,502,600,410,762,412,1246,588,1417,578,1710,640,1281,566,1295,617,466,322,406,325
BK96,BK96,BK96,28018,4144,2151,1199,25867,3997,0,214,1407,1021,344,412,202,351,2491,1340,2453,1272,428,473,1386,892,2415,1386,10010,2515,1577,955,1929,1272,1225,823,21004,1479,1852,1041,1228,860,2491,1230,2241,1178,2804,1290,3704,1450,2283,1124,2788,1322,863,651,750,644
BK99,BK99,BK99,363,227,35,147,328,221,5,127,4,125,5,127,22,145,15,132,21,148,20,145,8,120,104,180,33,130,32,145,26,148,33,147,205,163,0,132,0,132,23,147,14,142,9,130,5,127,19,145,57,154,37,148,41,144
BX01,BX01,BX01,13226,2309,2115,1012,11111,2153,0,111,461,456,395,386,232,274,1378,809,1072,609,201,296,465,466,914,571,3753,1184,1333,818,613,430,294,314,11131,478,2235,775,1805,727,1514,676,1528,742,1596,777,1285,629,529,389,475,430,130,192,34,113
BX03,BX03,BX03,18506,2730,1557,932,16949,2688,0,111,1043,747,427,458,344,422,1784,1069,997,572,303,401,971,647,1256,803,6148,1679,1269,777,1320,885,1087,786,12038,591,889,475,749,572,1136,687,1434,804,1434,795,2025,949,1404,707,1621,769,894,535,452,340
BX05,BX05,BX05,29269,4183,3514,1529,25755,3947,29,181,1602,1060,1160,1025,454,528,3171,1562,1465,976,295,352,1317,926,2281,1104,7482,2138,3793,1790,2107,1211,599,561,19447,931,2608,1156,1874,956,2550,1097,2232,1057,2602,1207,3680,1257,1998,1192,1270,785,280,370,353,385
BX06,BX06,BX06,12191,1905,1907,824,10284,1732,29,85,770,532,273,272,181,213,1268,641,656,438,188,216,552,373,759,448,2812,924,1875,858,724,375,197,230,9100,499,1615,538,1120,483,1456,580,1129,510,1371,570,1386,533,396,292,579,371,6,67,42,106
BX07,BX07,BX07,18614,2858,2363,1258,16251,2679,0,116,1209,793,844,663,99,188,2419,1122,1258,774,213,292,986,628,1053,670,4858,1523,1772,1121,953,742,587,450,14562,634,1957,861,1761,865,1799,850,1179,677,2229,948,2492,893,1291,648,1260,649,410,387,184,221
BX08,BX08,BX08,15884,2494,1611,892,14273,2329,4,95,1289,768,300,294,307,349,1474,797,1242,710,110,170,953,637,1262,690,3993,1192,1921,1072,1067,636,351,329,11998,661,1921,753,913,477,1825,820,1796,754,1694,829,1813,792,900,528,805,520,233,260,98,147
BX09,BX09,BX09,22594,3721,2181,1231,20413,3500,34,212,657,627,653,611,404,451,1845,1132,2262,1245,393,425,1232,923,1656,932,7864,2352,1526,1040,829,810,1058,854,19318,873,2380,1109,2004,1002,2293,1083,1994,1044,2290,1173,3440,1251,1942,1046,1848,1032,678,506,449,416
BX10,BX10,BX10,14066,2098,761,621,13305,1909,58,150,641,545,351,307,204,214,1328,778,664,517,356,343,1175,677,1262,615,4482,1176,1351,764,474,401,959,534,11258,671,496,370,717,434,936,506,943,565,1171,617,1655,639,1934,751,1709,730,1047,588,650,338
BX13,BX13,BX13,23143,2575,1990,916,21153,2549,0,56,817,602,127,206,207,243,1776,1117,1327,757,632,504,1457,772,2311,915,8789,1591,1239,756,951,702,1520,686,19687,489,1270,606,1362,623,1717,798,2325,901,2898,1005,3720,1043,2657,853,2527,859,947,507,264,311
BX14,BX14,BX14,29413,4209,3170,1638,26243,4187,38,231,861,846,793,782,369,537,2887,1594,2405,1332,353,511,1677,1177,2603,1536,8392,2371,3412,1759,1559,1100,894,854,22700,1229,3740,1650,2591,1293,3358,1479,2373,1224,3026,1408,3445,1495,2037,1100,1439,882,387,436,304,344
BX17,BX17,BX17,18560,3111,2939,1359,15621,2882,0,159,703,594,488,490,210,313,1939,1107,1518,900,194,266,753,579,1465,879,5109,1499,1995,1176,971,710,276,304,15289,837,3133,1166,2115,967,2666,1092,1712,872,1658,842,2157,929,880,622,678,522,188,305,102,214
BX22,BX22,BX22,13329,1769,916,666,12413,1664,42,137,366,299,316,277,116,162,690,461,304,282,361,282,1363,636,1735,661,5091,1183,979,596,377,297,673,452,10851,770,530,350,312,275,635,392,695,418,828,442,1431,699,1665,651,1988,666,1089,565,1678,556
BX26,BX26,BX26,17332,2659,1824,952,15508,2528,11,114,477,414,639,485,366,386,2352,1047,1247,780,156,249,701,515,1185,710,4579,1424,2585,1137,850,601,360,369,13498,623,2313,897,1525,749,2096,826,1929,850,1743,772,1938,874,918,580,801,513,127,187,108,186
BX27,BX27,BX27,10012,1862,1092,624,8920,1701,0,106,525,420,247,254,110,183,1191,672,595,407,98,168,695,461,987,561,2671,951,1159,644,496,400,146,199,8487,558,1932,676,955,482,1409,626,924,491,1310,587,878,442,493,362,393,314,87,150,106,140
BX28,BX28,BX28,26096,3532,2416,1171,23680,3322,14,149,858,735,645,561,503,444,2416,1306,1454,936,429,435,1667,987,2174,1178,7406,1804,3481,1646,1709,1064,924,689,18009,908,1926,903,1473,781,2604,1087,1571,828,2370,1036,3411,1266,1915,910,1751,839,578,501,410,401
BX29,BX29,BX29,16289,2172,1084,590,15205,2084,0,113,472,447,270,300,404,352,912,610,407,364,669,481,1697,829,2221,905,5173,1346,1561,850,723,551,696,504,13641,629,788,502,764,499,1278,648,803,509,1162,604,2261,863,1747,708,2241,807,1308,594,1289,504
BX30,BX30,BX30,15920,2232,1558,760,14362,2180,35,132,889,620,553,435,369,354,1791,912,1153,635,79,136,1032,642,1075,652,3868,1143,2406,1023,848,532,264,227,11203,452,1555,578,1140,557,1792,772,1126,581,1609,647,1754,701,1207,583,659,437,268,271,93,128
BX31,BX31,BX31,15835,2688,948,655,14887,2534,41,177,755,578,452,426,259,291,1573,826,1353,920,230,261,973,661,1240,658,5923,1681,915,584,747,530,426,378,9634,576,510,396,389,382,838,606,726,461,1073,568,1476,670,1372,658,1784,752,759,445,707,443
BX33,BX33,BX33,11945,1614,1579,703,10366,1501,0,80,338,292,318,268,334,281,1453,596,822,459,80,123,648,399,962,493,2990,824,1469,750,589,375,363,283,9183,464,1537,543,1385,516,1241,516,1255,469,1222,497,1115,450,639,350,542,309,133,163,114,126
BX34,BX34,BX34,17344,2553,1873,1020,15471,2568,0,121,609,488,510,406,236,317,1918,873,1282,783,199,275,961,675,1139,754,4662,1360,2611,1554,869,629,475,421,14725,718,2986,1071,1898,850,2063,887,1960,871,1968,841,1718,804,1054,708,574,433,272,261,232,286
BX35,BX35,BX35,18100,2762,1990,911,16110,2605,29,148,656,527,472,452,327,316,1600,790,1367,731,146,208,1018,647,1636,904,5608,1455,1648,953,906,599,697,461,14449,697,2446,831,1570,729,2632,910,1562,727,1847,801,1851,777,1172,628,965,564,188,233,216,275
BX36,BX36,BX36,23818,3420,2817,1335,21001,3249,21,213,1010,856,693,600,462,532,2523,1219,1847,994,401,562,1231,911,1737,975,6764,1814,2473,1519,1151,798,688,570,19291,862,3502,1233,3168,1159,3077,1216,2102,934,2336,1048,2506,1049,1322,814,806,590,325,395,147,274
BX37,BX37,BX37,13964,2199,1442,755,12522,2002,0,144,741,511,790,551,183,226,1571,848,917,550,187,230,821,513,1188,660,3463,1024,1752,829,479,406,430,342,9477,689,967,568,547,408,1101,554,942,536,1200,556,1710,679,1025,571,1061,512,640,440,284,282
BX39,BX39,BX39,21982,3729,2668,1366,19314,3442,63,232,1014,833,592,608,220,328,2325,1197,1426,969,263,351,942,742,1956,1001,5000,1722,3810,1811,1132,856,571,535,18954,975,4307,1335,2747,1107,3311,1263,2041,991,2541,1133,1642,859,1137,716,796,543,268,352,164,307
BX40,BX40,BX40,12472,1736,1898,799,10574,1642,10,74,502,364,355,301,203,233,1359,644,840,538,125,174,599,390,724,428,3080,868,1868,825,723,501,186,210,8970,405,1825,643,1005,458,1549,572,909,466,1457,545,1036,477,682,384,405,315,85,122,17,91
BX41,BX41,BX41,24907,3520,2698,1370,22209,3336,12,182,911,777,820,695,257,358,3189,1588,1666,1030,232,348,1503,963,2015,1115,6577,1837,3194,1580,1364,922,469,513,17597,765,2630,1111,2369,1051,2891,1219,1774,922,2737,1121,2596,1082,1286,764,890,624,302,384,122,243
BX43,BX43,BX43,20676,2951,2489,1264,18187,2781,0,106,1205,903,604,485,152,228,2381,1085,1248,837,291,327,1214,756,1569,885,5073,1472,2885,1358,1313,772,252,311,14505,738,1810,914,1552,809,1965,874,2123,932,2067,909,2428,1001,1041,694,1061,643,290,287,168,225
BX44,BX44,BX44,32885,5371,3985,1922,28900,5122,0,250,1394,1117,749,768,364,475,3276,1857,2541,1455,453,535,1590,1145,2624,1488,10550,3148,2645,1684,1408,1164,1306,968,22305,1332,2622,1342,1777,1119,2678,1359,2255,1354,2972,1522,4147,1672,2004,1146,2496,1243,782,735,572,600
BX46,BX46,BX46,17348,1862,1583,705,15765,1904,0,75,667,495,642,430,237,273,1061,622,1580,642,393,369,1094,646,1622,761,5594,1298,1765,941,345,320,765,475,12841,554,891,472,601,374,1419,682,1020,521,1851,714,3105,935,1532,548,1961,738,263,257,198,229
BX49,BX49,BX49,15848,2115,1474,801,14374,2027,0,113,729,587,831,564,246,301,1593,766,951,662,388,343,840,569,1321,771,4975,1265,1252,796,626,449,622,508,11276,560,894,528,578,413,998,592,960,553,1499,728,2259,796,1311,628,1743,801,496,391,538,358
BX52,BX52,BX52,23104,3374,1690,1051,21414,3245,29,203,1220,818,845,782,211,295,1572,956,1604,1053,444,453,1459,900,1634,913,7293,1989,2542,1401,1088,794,1473,923,16827,978,1351,753,1024,657,1592,888,1028,709,1685,912,2431,1104,1958,993,3126,1172,1431,789,1201,745
BX55,BX55,BX55,16047,2763,1952,896,14095,2579,0,118,1395,949,636,586,204,250,2399,1021,956,654,66,156,470,408,1059,642,3742,1114,2002,1084,934,635,232,258,11747,628,1842,787,1168,611,1934,771,1567,704,1500,728,1517,706,837,529,930,562,275,275,177,210
BX59,BX59,BX59,13858,2038,1485,655,12373,1879,0,94,754,541,300,237,259,291,1510,701,1312,631,247,270,812,518,860,467,3310,972,1863,769,595,424,551,410,9100,537,929,505,716,457,1023,506,906,509,983,507,1526,607,1085,559,1214,519,436,319,282,225
BX62,BX62,BX62,23598,3421,1888,1058,21710,3343,28,211,1143,812,530,497,230,334,1974,1121,1502,949,397,438,1378,827,2015,1115,8880,2234,1727,1119,978,753,928,701,15186,950,1230,751,833,635,1072,683,1339,817,1631,883,2749,1102,2076,985,2525,1057,867,620,864,622
BX63,BX63,BX63,17482,2431,1749,890,15733,2314,0,104,876,627,683,539,331,349,1916,1051,1022,611,266,318,879,557,1468,677,4369,1282,2449,1038,1008,634,466,370,13331,506,1986,753,1594,684,2284,808,1826,804,1820,784,1843,755,1042,563,600,419,176,210,160,211
BX75,BX75,BX75,9857,1722,1006,491,8851,1691,0,72,405,335,238,220,339,320,1067,609,695,456,178,248,485,347,744,445,3006,861,784,466,764,502,146,178,7849,407,1769,613,1143,466,1223,497,701,380,997,454,837,426,537,360,275,225,197,209,170,189
BX98,BX98,BX98,0,17,0,17,0,17,0,17,0,17,0,17,0,17,0,17,0,17,0,17,0,17,0,17,0,17,0,17,0,17,0,17,0,17,0,17,0,17,0,17,0,17,0,17,0,17,0,17,0,17,0,17,0,17
BX99,BX99,BX99,393,366,38,107,355,351,0,84,7,84,12,77,3,77,45,93,0,84,0,84,61,141,5,80,135,174,59,136,28,105,0,84,264,174,49,105,28,106,29,101,11,83,26,86,43,74,20,83,11,78,5,79,42,128
MN01,MN01,MN01,28317,3577,2374,1114,25943,3571,0,108,1031,822,809,636,587,492,2908,1303,1314,729,707,404,1554,873,3091,1228,7080,1739,4137,1953,2067,997,658,484,19706,746,1995,798,1414,737,2557,947,1928,991,1864,765,3338,1144,2749,1022,2311,813,690,413,860,490
MN03,MN03,MN03,44241,6038,5191,2222,39050,5659,0,232,1228,1138,911,831,525,622,3761,2185,2589,1652,1466,1085,3288,1768,5269,2188,10464,3185,5128,2322,2268,1551,2153,1548,36595,2072,4405,1857,4024,1797,4522,1928,3265,1663,3760,1736,5665,2132,3677,1767,3917,1772,1503,990,1857,933
MN04,MN04,MN04,31725,4050,2102,1164,29623,3908,0,121,1313,1003,819,822,605,572,2557,1154,982,738,1465,880,2087,1172,3880,1478,7019,2106,6347,2230,1716,929,833,611,19472,1050,1805,888,1373,729,1992,942,2107,986,2237,926,3164,1198,2341,993,2405,968,1028,675,1020,641
MN06,MN06,MN06,12024,1773,731,442,11293,1690,0,75,186,279,302,277,172,186,1331,691,421,384,409,316,681,541,1521,736,3328,914,2273,919,504,376,165,178,8498,458,1514,545,1047,531,808,507,825,444,1089,458,891,392,850,433,846,419,347,300,281,262
MN09,MN09,MN09,23745,3538,1430,772,22315,3437,41,161,413,401,567,477,103,190,1618,981,394,453,1433,895,1930,950,2842,1127,9330,2213,1865,970,1391,803,388,347,19186,1454,2788,1129,1257,770,1520,820,1461,855,1454,762,2337,993,1654,844,2314,917,1160,604,3241,943
MN11,MN11,MN11,27508,3607,1744,1014,25764,3527,0,140,639,552,841,666,289,359,1948,1109,1081,774,1285,761,2814,1181,3949,1494,7426,2085,3504,1469,1126,779,862,578,20268,1199,2589,1106,1884,954,1253,689,1408,818,2043,963,2445,1036,1970,935,2834,1148,1394,798,2448,910
MN12,MN12,MN12,78425,9218,3944,2346,74481,8902,21,274,1232,1356,1873,1504,1344,1382,3369,2158,1261,1212,5641,2718,12093,3907,17855,4945,18621,5288,6171,2932,2890,2015,2110,1728,64412,4622,4328,2496,2306,1672,3566,2114,3207,2175,4021,2236,6657,2964,5568,2570,9575,3197,6361,2732,18823,3989
MN13,MN13,MN13,53238,6294,2236,1547,51002,6248,27,224,482,648,1337,1123,967,899,3281,1928,822,928,4546,2294,11642,3670,12805,3492,8125,2842,4335,2149,1531,1286,1102,1007,43484,3188,3131,1688,1637,1181,2697,1534,1871,1340,2363,1389,4412,2004,3559,1842,6653,2504,4263,1927,12898,2928
MN14,MN14,MN14,37369,4387,1503,1079,35866,4299,59,181,307,374,1193,866,865,802,1950,1174,202,307,2539,1403,8487,2493,8227,2406,8083,2465,2519,1434,818,683,617,719,33700,2608,1895,1188,1058,794,1635,933,1547,959,1341,980,2907,1426,2957,1410,5381,1791,3611,1588,11368,2265
MN15,MN15,MN15,35983,4523,2033,1221,33950,4536,71,206,796,656,1235,977,762,640,2378,1251,673,735,2687,1338,6213,2111,7779,2181,4627,1690,4585,1881,1385,874,759,627,28685,2154,2159,1304,1618,896,2238,1202,2070,1046,2115,1147,2997,1244,2820,1273,4240,1507,2937,1213,5491,1634
MN17,MN17,MN17,18665,2813,762,614,17903,2766,0,209,218,395,510,484,470,537,1220,832,157,336,1237,801,5165,1499,4703,1611,2172,1021,1104,770,587,546,360,428,15743,1732,1274,710,605,440,885,632,624,560,906,667,1001,679,1284,782,2162,928,1793,888,5209,1289
MN19,MN19,MN19,33973,4120,920,705,33053,4053,3,151,235,360,1327,1101,840,716,1665,1043,482,532,2024,1212,8068,2418,9596,2784,5209,2042,1805,1129,805,681,994,742,29295,2569,1031,779,348,415,1412,940,955,742,1691,1019,3271,1448,2553,1225,4628,1693,3672,1491,9734,2025
MN20,MN20,MN20,32065,4232,1062,837,31003,4102,45,148,381,462,892,690,461,441,1636,1117,276,410,2074,1210,7564,2342,7583,2098,5710,1975,1923,1134,1431,1024,1027,864,26499,2086,1402,972,1339,924,1398,914,1289,822,1496,989,3102,1473,2464,1211,4305,1501,3188,1400,6516,1843
MN21,MN21,MN21,18600,2039,1006,507,17594,2028,0,68,153,211,542,410,250,210,1057,700,246,254,1530,909,4016,1116,4437,1118,3233,936,1100,628,726,453,304,305,13792,1163,622,409,391,317,688,418,588,436,685,411,1463,672,1407,617,2189,854,1666,638,4093,969
MN22,MN22,MN22,27379,2899,1502,860,25877,2941,37,134,279,393,640,572,295,300,1990,1029,461,406,2452,1122,3725,1454,6864,1812,4393,1595,3246,1498,1036,778,459,489,21725,1403,1880,1007,1124,772,1518,848,1829,986,1512,774,2760,1129,2224,971,3446,1236,1756,928,3676,1130
MN23,MN23,MN23,43505,4692,1884,1151,41621,4638,1,189,358,498,857,850,1014,818,3208,1484,400,580,3531,1621,8207,2727,10278,2732,7989,2424,3924,1740,1173,916,681,660,36154,2807,1388,947,900,727,1707,1114,1630,1129,2193,1331,3122,1510,3190,1390,5625,1951,4192,1706,12207,2563
MN24,MN24,MN24,26604,3227,900,631,25704,3164,10,141,228,276,576,510,709,610,1966,1090,306,330,1920,948,6612,1832,6458,1818,3363,1256,2518,1145,749,544,289,304,19663,1676,985,558,710,520,981,554,716,550,1098,724,1948,932,1639,872,2684,1061,1670,846,7232,1461
MN25,MN25,MN25,31373,2944,1066,681,30307,2904,0,109,157,233,509,413,481,448,1696,767,404,376,2078,861,8091,1817,9820,1860,4115,1326,1593,889,745,512,618,451,21823,1662,1097,638,366,350,670,408,409,362,739,475,1535,700,1511,684,3862,1276,2877,969,8757,1602
MN27,MN27,MN27,22120,2948,1560,868,20560,2770,17,130,655,622,976,712,442,457,2134,1056,736,561,1058,615,1865,833,3772,1231,3834,1374,3597,1432,1036,661,438,378,18466,1166,2299,991,1996,866,2653,1029,1750,829,1767,831,2323,910,1765,857,1715,746,930,530,1268,557
MN28,MN28,MN28,30126,4473,1949,1257,28177,4286,51,258,515,589,901,760,514,582,2017,1307,1322,1039,1607,1013,2887,1569,5505,2065,7065,2432,3759,1781,1264,877,770,724,31641,1630,5232,1967,4524,1837,4502,1722,2524,1299,3420,1560,3416,1678,1751,953,3057,1302,1159,726,2056,934
MN31,MN31,MN31,49596,5954,1138,880,48458,5885,0,163,807,980,1113,983,2080,1727,2865,1703,436,531,3084,1832,10188,3477,9368,3050,13136,3476,2605,1641,1636,1382,1140,1081,42259,3512,2026,1445,769,713,2045,1566,1577,1148,2397,1296,5609,2335,4994,2141,6990,2548,4143,1851,11709,3062
MN32,MN32,MN32,51960,5792,1681,1102,50279,5746,0,154,865,945,1538,1158,976,820,2196,1301,1008,935,3977,2241,10112,3053,11422,3021,11650,3494,2950,1899,2334,1579,1251,974,41994,2908,1700,1037,985,959,2162,1230,1439,1145,2572,1524,5534,2112,4886,1967,8064,2404,4241,1770,10411,2533
MN33,MN33,MN33,28529,3875,2893,1385,25636,3696,39,177,706,610,851,630,357,404,2401,1269,863,583,1045,679,2472,1176,3824,1501,7807,2257,2902,1377,1481,945,888,743,24813,1390,3513,1315,2788,1158,3351,1349,2078,1062,2599,1214,3407,1322,2344,1051,1899,857,1077,656,1757,704
MN34,MN34,MN34,26323,4006,2403,1267,23920,3919,34,188,579,619,656,631,314,419,2956,1747,1462,1067,816,774,1688,1092,2249,1186,6588,2030,4351,2034,1205,950,1022,803,25172,1364,4800,1643,3140,1372,3368,1432,2515,1230,2788,1373,3420,1444,2022,1039,1623,866,631,559,865,682
MN35,MN35,MN35,39862,4651,3996,1809,35866,4354,0,169,1241,1075,1412,922,585,570,3154,1440,1510,1036,1579,862,2736,1309,4739,1644,10309,2473,5160,2064,2847,1347,594,474,26005,1254,2118,1016,1653,850,2757,1238,2175,1094,3523,1355,4474,1463,3164,1187,3660,1274,1276,638,1205,630
MN36,MN36,MN36,53735,7282,4897,2020,48838,7139,21,193,2090,1490,1873,1317,1084,916,4515,2108,2780,1699,1576,1034,2835,1538,5143,2092,13269,3438,9336,3469,3366,1842,950,779,30589,1473,2892,1343,2790,1352,3167,1412,2863,1361,3386,1407,5288,1695,3149,1328,4275,1619,1822,1045,957,688
MN40,MN40,MN40,29933,3944,921,654,29012,3886,19,201,284,407,724,663,991,793,1557,1020,460,541,1794,975,8064,2229,6733,2008,5230,1746,1582,1020,929,743,645,634,27941,2368,1067,834,438,521,914,648,1124,824,1125,818,2222,1171,2287,1223,3437,1291,2844,1244,12483,2303
MN50,MN50,MN50,14026,1289,337,245,13689,1312,0,36,266,258,333,306,334,264,904,510,222,200,886,426,1762,570,3709,831,3052,842,1145,545,493,305,583,293,10553,406,587,303,153,155,369,249,360,250,942,484,1171,459,1098,467,2254,666,761,332,2858,649
MN99,MN99,MN99,389,255,133,193,256,211,0,84,7,89,8,90,0,84,40,109,6,86,0,84,0,84,56,120,73,137,37,113,29,125,0,84,0,84,0,84,0,84,0,84,0,84,0,84,0,84,0,84,0,84,0,84,0,84
QN01,QN01,QN01,22073,3508,3294,1449,18779,3069,15,186,1083,784,377,382,374,463,2064,952,2545,1185,423,416,820,606,1566,790,5412,1662,1792,1042,883,633,1425,802,12277,966,832,557,792,537,1284,692,1029,664,1576,829,2250,919,1647,781,1661,754,752,560,454,364
QN02,QN02,QN02,13966,1551,709,371,13257,1515,17,65,420,307,333,326,235,278,1084,656,1547,587,232,207,1060,495,1011,480,4633,934,917,455,376,258,1392,581,10635,408,638,354,358,260,979,402,794,400,1384,531,2480,713,1298,578,2051,618,387,229,266,219
QN03,QN03,QN03,11144,1442,837,482,10307,1359,0,70,349,251,217,195,138,155,927,444,1300,568,82,131,619,324,787,445,3615,873,968,520,596,394,709,368,5962,393,182,169,163,176,281,216,369,282,697,371,915,383,1240,459,1077,414,754,378,284,194
QN05,QN05,QN05,14363,1956,818,401,13545,1951,7,80,709,421,209,201,125,134,1552,633,1663,663,258,247,628,328,1055,531,5238,1210,793,418,299,255,1009,492,7629,518,256,210,317,322,375,303,392,282,590,377,1122,426,1276,475,1836,629,866,424,599,339
QN06,QN06,QN06,14360,2014,996,637,13364,1955,11,109,699,528,474,361,409,384,1344,645,1095,563,373,326,1021,634,1179,595,4127,1075,1004,617,913,578,715,461,9338,606,240,228,279,257,834,494,661,407,1240,529,1742,630,1178,585,1411,599,753,410,1000,439
QN07,QN07,QN07,12104,1822,896,527,11208,1752,0,113,682,503,186,170,163,189,1236,666,1399,680,265,268,624,412,1046,561,3601,1116,892,561,600,385,514,385,6298,489,303,268,239,217,543,301,393,303,567,360,1138,534,906,501,1031,450,706,367,472,314
QN08,QN08,QN08,28518,4230,2255,1241,26263,3996,28,295,914,733,404,482,196,376,2426,1280,2904,1323,653,616,1737,1069,1961,1088,9992,2366,1789,1139,1030,858,2229,1164,15701,1097,628,588,646,567,899,673,1206,751,1543,874,2705,1149,2276,1066,3205,1190,1487,827,1106,740
QN10,QN10,QN10,13111,1743,703,484,12408,1648,0,101,945,552,239,239,192,239,830,490,862,515,262,272,1070,523,1049,516,4292,1084,662,435,586,367,1419,654,10870,871,573,403,426,328,641,434,695,440,945,507,1663,681,1460,656,1743,685,1307,553,1417,485
QN12,QN12,QN12,18089,2711,2080,1028,16009,2610,12,118,1281,787,451,460,152,227,1325,713,1321,769,358,391,815,538,1685,806,5200,1549,1617,901,920,608,872,549,13922,779,1609,786,1058,615,1917,797,1377,755,1928,847,2026,847,1250,637,1468,753,757,490,532,414
QN15,QN15,QN15,24481,3780,2031,1299,22450,3564,33,149,1298,807,658,646,379,481,1913,1020,1867,1159,270,316,1296,850,2439,1104,8715,2376,1389,936,1464,992,729,634,17288,1028,1937,916,1370,757,1540,760,1568,926,2195,1010,3196,1217,1732,907,2002,957,988,640,760,561
QN17,QN17,QN17,47777,5824,2148,1459,45629,5694,18,334,1545,1265,1641,1204,1186,1089,3662,1940,2074,1423,1585,1221,6232,2450,8156,2832,11964,3429,2989,1804,2708,1663,1869,1257,39815,2216,2398,1585,1783,1295,3073,1672,2495,1612,3110,1654,6370,2427,5235,2122,7031,2390,3925,1829,4395,1709
QN18,QN18,QN18,14677,1875,613,405,14064,1821,37,140,450,413,557,391,500,400,1044,572,944,501,523,365,1616,777,2071,730,3745,1025,1121,570,1035,593,421,321,12302,736,1013,536,529,367,1269,598,896,461,1362,591,1885,630,1591,629,1975,699,1012,514,770,388
QN19,QN19,QN19,18586,2541,836,541,17750,2444,11,155,1748,884,660,493,614,483,1307,732,1571,816,388,392,1725,874,1828,880,4177,1256,1899,967,880,577,942,634,11985,825,517,411,414,400,719,497,754,506,1110,636,2104,864,2119,853,2451,893,999,563,798,524
QN20,QN20,QN20,41336,5018,2123,1224,39213,4985,76,304,4341,1948,1998,1211,687,690,3808,1687,2738,1447,1004,792,2478,1377,4633,1926,8264,2481,5503,2278,2584,1442,1099,863,24322,1465,1489,984,878,737,1826,1074,1998,1116,2993,1349,4097,1591,3711,1495,4676,1617,1583,1027,1071,854
QN21,QN21,QN21,21144,3123,1009,722,20135,3024,17,216,1650,915,1002,744,588,572,1476,900,1540,899,509,461,2133,1005,2504,1205,5263,1698,1459,882,1185,873,809,610,14814,1112,796,627,417,406,1010,690,1106,735,1527,794,2371,1027,1805,878,2911,1022,1734,863,1137,633
QN22,QN22,QN22,33885,4849,1264,897,32621,4725,75,270,1932,1284,1257,916,951,863,3117,1539,1936,1151,485,533,2803,1393,2974,1454,6598,2132,6003,2486,3941,1841,549,598,26308,1726,3290,1504,2069,1169,3566,1483,3541,1469,3710,1515,3887,1516,2223,1096,2245,1228,1041,863,736,630
QN23,QN23,QN23,11785,1653,493,344,11292,1599,0,87,1211,607,614,417,386,310,1241,630,1152,562,154,181,716,371,1185,534,2134,807,1164,550,926,523,409,325,7737,615,414,312,214,218,811,448,884,481,978,473,1492,551,926,444,1230,481,471,289,317,224
QN25,QN25,QN25,28924,4629,1349,980,27575,4407,26,169,3416,1619,1251,898,804,669,3132,1513,2271,1171,562,633,951,687,2492,1416,4780,1845,5189,2139,1927,1062,774,578,16451,1209,1185,836,812,636,1700,1053,2021,1066,2832,1159,2932,1251,2300,1154,1886,925,537,461,246,296
QN26,QN26,QN26,28382,3988,1423,701,26959,3848,54,163,5165,1679,1672,935,505,438,2507,1031,1485,781,260,291,860,560,1695,765,3120,1186,5940,1804,3420,1280,276,301,12045,851,480,391,532,397,1280,651,1250,622,1842,747,2426,857,1793,750,1644,706,479,412,319,312
QN27,QN27,QN27,9442,1675,635,383,8807,1595,0,96,1015,479,421,303,108,138,885,432,781,412,165,173,421,297,902,482,1830,620,1476,639,594,361,209,194,5541,564,426,296,215,182,592,332,607,337,864,372,870,395,721,371,816,359,236,191,194,174
QN28,QN28,QN28,52924,7820,2742,1764,50182,7622,32,299,3965,2336,1833,1352,961,926,4861,2580,5172,2781,1191,975,3315,1768,6220,2692,8682,3045,8490,3467,3768,2084,1692,1371,35555,2670,1854,1248,1555,1228,3403,1769,3989,1932,5045,2245,6849,2526,4358,2007,4555,1921,2217,1424,1730,1068
QN29,QN29,QN29,44153,6779,2131,1296,42022,6461,0,234,3508,1856,1630,1134,784,759,4411,1928,3062,1579,726,703,2405,1338,4371,1903,7401,2578,8833,3491,3972,1937,919,864,26304,1918,1937,1192,971,754,3325,1576,3051,1549,3888,1662,5395,1918,2851,1376,2980,1253,1102,825,804,633
QN30,QN30,QN30,16430,2350,921,597,15509,2247,20,173,2211,914,748,527,471,411,1175,598,973,562,295,308,1222,670,1653,829,3406,1123,1608,893,1108,701,619,449,10768,886,432,383,431,361,908,547,832,554,1071,542,1821,761,1530,690,2076,841,949,556,718,455
QN31,QN31,QN31,43994,5266,1915,1073,42079,5077,59,300,2156,1318,1534,1039,766,641,3538,1674,2941,1530,2138,1177,4297,1580,7528,2279,7190,2095,6111,2405,2234,1388,1587,1132,29512,2027,1206,903,902,731,1941,1103,2348,1166,3245,1422,5143,1856,3612,1494,5084,1705,2416,1150,3615,1133
QN33,QN33,QN33,11675,1701,740,506,10935,1632,0,156,469,384,182,217,106,174,963,501,1313,698,256,265,693,441,827,488,4124,1063,682,524,280,272,1040,585,6336,372,260,257,129,184,225,222,363,278,455,335,954,487,926,478,1476,583,839,431,709,429
QN34,QN34,QN34,30068,4499,2924,1461,27144,4251,47,280,1439,888,1005,779,405,414,2897,1445,3067,1382,632,622,1818,1035,2321,1152,8740,2455,2006,1165,1185,838,1582,889,15428,1160,650,575,549,535,1072,730,1331,826,1582,930,2266,1033,2258,1085,3022,1169,1624,824,1074,694
QN35,QN35,QN35,24099,3231,2072,1149,22027,3003,0,152,1417,928,750,563,393,385,2653,1109,1890,866,409,420,2023,928,1761,811,5536,1522,2829,1324,1478,857,888,623,14326,806,857,590,462,400,1289,709,1335,710,1457,702,2659,889,1907,787,2455,900,975,597,930,620
QN37,QN37,QN37,18150,2571,1151,716,16999,2423,0,118,879,686,509,426,356,357,1190,648,999,633,412,374,1541,833,1611,820,5945,1596,1754,903,1039,710,764,603,13019,897,581,402,573,429,1338,725,1093,624,1330,796,2216,936,1933,848,2155,876,1097,739,703,434
QN38,QN38,QN38,18228,2614,2007,906,16221,2398,19,111,1416,757,449,372,628,478,1761,975,1138,739,278,295,1505,843,1271,639,4108,1269,1695,918,1248,757,705,450,12175,682,1103,538,623,434,1139,629,1354,651,1640,730,1877,809,1337,619,1538,700,825,509,739,416
QN41,QN41,QN41,9738,1150,697,323,9041,1098,13,58,281,259,264,191,465,316,1153,509,573,262,251,198,1122,422,1081,344,2203,596,693,373,594,372,348,236,6653,301,398,225,183,168,398,243,550,288,651,302,1123,376,819,344,1150,393,817,299,564,242
QN42,QN42,QN42,15555,1841,754,504,14801,1757,30,105,1032,606,423,304,670,420,1801,771,1089,609,361,253,1386,635,1631,664,3606,1011,1050,540,850,566,872,504,11348,532,571,383,243,227,709,379,927,465,1088,481,2081,680,1186,509,2452,708,1174,584,917,381
QN43,QN43,QN43,13781,1550,661,420,13120,1513,8,84,749,485,456,302,244,193,1306,565,1695,626,245,211,1094,468,1445,597,3514,892,1095,707,546,302,723,401,8221,450,353,245,334,239,372,241,366,254,809,395,1281,464,1153,432,1772,522,1045,426,736,331
QN44,QN44,QN44,11602,1407,540,320,11062,1322,9,72,453,333,284,232,305,267,1240,619,1079,498,136,159,925,389,1216,528,3710,927,587,335,462,380,656,361,9023,636,210,165,336,427,447,285,801,439,712,369,1422,563,1351,490,1942,499,958,457,844,429
QN45,QN45,QN45,12901,1738,556,367,12345,1717,19,95,626,358,476,350,240,220,1265,681,896,466,355,278,1616,682,1529,668,2977,844,920,532,836,482,590,319,9812,498,341,272,140,156,508,352,798,466,775,445,1639,593,1158,493,2229,654,1086,514,1138,442
QN46,QN46,QN46,22505,2929,875,690,21630,2808,0,216,1281,845,935,662,855,674,2044,1063,1129,680,759,583,2415,1065,2515,1103,5521,1571,1865,1036,1379,834,932,648,15475,1056,537,457,408,455,1001,643,1031,655,1389,794,2401,1010,2186,950,3223,1188,1540,723,1759,751
QN47,QN47,QN47,10873,1355,488,384,10385,1310,0,82,648,374,404,325,441,350,930,476,523,347,421,300,1028,535,1629,745,2714,820,735,463,436,384,476,361,10160,601,526,335,394,294,659,360,556,373,823,440,1624,568,1635,555,1643,583,1331,538,969,474
QN48,QN48,QN48,10445,1448,497,351,9948,1339,0,89,760,466,312,235,349,245,1022,482,669,353,178,152,951,428,1093,444,2547,738,906,506,833,478,328,230,7006,430,397,305,173,198,478,279,366,245,781,382,1339,474,864,386,1379,464,639,301,590,323
QN49,QN49,QN49,15676,2158,842,441,14834,2080,43,130,1350,673,697,481,441,359,1597,810,849,486,367,325,1722,680,1679,745,3561,1138,1275,661,654,458,599,362,11176,742,329,253,361,270,791,442,734,442,1042,506,1546,641,1653,635,2346,731,1200,533,1174,559
QN50,QN50,QN50,13178,1968,462,297,12716,1933,42,98,714,518,371,285,392,273,1478,684,1630,674,185,177,1112,472,1196,557,2127,705,2137,853,1073,518,259,196,7795,593,169,181,416,289,798,379,647,338,1098,432,1676,543,1013,414,1092,426,555,321,331,212
QN51,QN51,QN51,24036,3401,1012,690,23024,3278,56,220,1437,883,860,670,600,462,2684,1210,1516,819,585,463,1877,945,2319,1077,4450,1480,3234,1441,2644,1216,762,557,17425,1173,1428,750,802,543,2364,1047,1786,825,1856,878,2980,1094,1981,928,2293,959,928,545,1007,590
QN52,QN52,QN52,12266,2071,512,387,11754,2000,11,137,824,559,504,426,245,216,1240,657,936,495,208,215,873,491,876,498,2619,889,1595,815,1510,750,313,264,8275,711,525,359,568,408,984,522,829,456,1368,631,1052,533,866,480,1259,556,469,283,355,270
QN53,QN53,QN53,31230,4450,2221,1153,29009,4282,19,242,2279,1322,1529,949,749,634,2923,1414,2778,1432,415,443,1897,1094,3287,1435,6530,2027,3618,1617,1866,1066,1119,769,16846,1316,793,626,446,464,1379,804,1375,833,2001,971,2769,1178,2660,1196,3243,1211,1314,827,866,626
QN54,QN54,QN54,33927,5107,2384,1324,31543,4848,54,346,3649,1932,1486,975,773,728,3180,1482,3801,1623,397,502,1762,991,2811,1353,6980,2250,3266,1681,2272,1311,1112,852,17333,1396,857,700,548,536,1367,902,1626,984,2103,1117,3459,1363,2335,1095,2748,1173,1319,849,971,688
QN55,QN55,QN55,43737,6543,3623,1908,40114,6076,14,306,3165,1723,1841,1270,951,823,4729,2089,4949,2263,832,732,2948,1483,3855,1806,9776,3033,3078,1772,2389,1455,1587,1104,21765,1657,989,833,691,678,1690,1106,1717,1158,2620,1390,3678,1594,2936,1389,3841,1569,1861,1113,1742,1027
QN56,QN56,QN56,12330,1560,885,443,11445,1496,49,124,720,413,471,311,235,209,1186,510,1213,519,183,178,998,473,1108,544,2914,813,1173,560,603,345,592,369,6996,439,335,263,201,192,646,351,466,274,649,344,1145,445,1013,418,1335,463,711,321,495,289
QN57,QN57,QN57,13987,1801,813,475,13174,1766,0,68,1165,626,617,450,385,314,988,501,991,507,359,306,1528,691,1061,523,3810,1110,1220,677,323,255,727,414,10680,650,704,481,465,367,704,438,720,432,1421,599,1560,587,1254,527,1773,664,1202,560,877,396
QN60,QN60,QN60,12720,1905,478,386,12242,1901,0,89,552,403,324,250,268,239,1316,779,1073,610,589,412,1163,519,1984,787,2841,909,991,585,535,409,606,404,9930,824,613,419,434,317,852,450,759,429,866,499,1976,698,1436,561,1469,576,787,448,738,367
QN61,QN61,QN61,27137,4005,2350,1243,24787,3683,37,213,2426,1397,981,784,482,526,3384,1576,2890,1204,394,405,1452,890,2241,1104,5112,1654,3193,1551,1390,945,805,590,15947,1113,1072,691,1012,659,1788,906,1677,852,2638,1044,3061,1134,1849,876,1742,901,711,536,397,356
QN62,QN62,QN62,9752,1389,519,335,9233,1291,0,65,619,382,560,333,257,215,913,410,903,438,166,143,542,295,868,393,1744,578,1376,562,915,510,370,253,5870,460,368,252,265,215,648,349,685,309,653,346,1019,396,599,308,918,370,302,209,413,270
QN63,QN63,QN63,23599,3976,1005,744,22594,3893,150,306,1314,1006,1136,802,372,367,2503,1234,2828,1483,631,522,1454,824,2873,1271,3659,1407,3464,1472,1488,910,722,580,15807,1204,604,543,694,556,1146,731,1857,984,2485,1029,3349,1170,2089,960,1972,972,1010,687,601,435
QN66,QN66,QN66,14276,1950,866,468,13410,1891,0,132,546,410,253,243,141,202,1181,586,1642,770,258,277,741,466,1218,589,4784,1286,787,517,552,408,1307,638,8132,517,304,281,156,207,424,316,492,333,709,375,1189,550,1256,545,1772,661,1066,512,764,436
QN68,QN68,QN68,9462,1509,1159,631,8303,1364,0,113,463,402,364,325,215,228,906,505,665,419,265,221,689,439,1078,511,1768,641,1224,539,510,422,156,178,7891,598,1033,486,1142,445,1243,518,792,409,981,435,992,539,635,414,573,291,253,173,247,192
QN70,QN70,QN70,48267,5871,3068,1814,45199,5665,17,280,2185,1363,1341,967,922,795,3917,1914,2209,1386,2802,1467,4218,1889,7187,2401,9023,2829,7420,2823,2588,1491,1370,1003,33509,2456,2148,1208,1473,1028,3248,1497,2405,1324,3626,1616,5696,1978,4433,1788,5892,1858,2785,1421,1803,1012
QN71,QN71,QN71,14535,2034,911,548,13624,1959,31,123,562,455,408,320,392,339,1354,703,769,515,655,401,1363,564,2516,832,2265,781,2144,844,727,455,438,328,10636,911,653,390,559,374,1103,494,1010,544,1298,579,1590,602,1260,548,1599,595,738,379,826,399
QN72,QN72,QN72,29483,4034,1340,885,28143,3946,45,222,1514,939,892,727,708,582,2553,1192,1832,1117,1611,901,2542,1109,4267,1435,6143,1754,3900,1670,1430,853,706,585,19543,1513,783,587,607,562,1400,794,1645,901,1951,1009,3467,1263,2663,1069,3870,1253,1677,843,1480,770
QN76,QN76,QN76,20963,3275,1749,1021,19214,3136,0,197,1433,923,387,427,153,257,2292,1073,2445,1140,423,436,1134,720,1532,882,6218,1746,1155,811,892,645,1150,755,11276,790,504,419,479,445,770,543,721,541,1536,795,2124,887,1752,823,2061,884,820,568,509,434
QN98,QN98,QN98,0,24,0,24,0,24,0,24,0,24,0,24,0,24,0,24,0,24,0,24,0,24,0,24,0,24,0,24,0,24,0,24,0,24,0,24,0,24,0,24,0,24,0,24,0,24,0,24,0,24,0,24,0,24
QN99,QN99,QN99,80,238,0,192,80,238,0,192,0,192,0,192,0,192,37,218,0,192,4,186,4,187,4,186,5,187,0,192,17,205,9,186,41,186,0,192,0,192,10,195,4,185,8,179,3,185,4,187,4,186,4,186,4,186
SI01,SI01,SI01,14552,1578,488,295,14064,1550,0,82,1268,633,306,240,157,171,1192,516,875,421,374,308,1307,580,1856,682,4634,1051,734,429,440,324,921,518,10189,533,463,321,249,254,593,349,515,319,849,450,1184,527,1149,503,1974,625,1569,532,1644,540
SI05,SI05,SI05,19433,2330,909,501,18524,2342,0,128,1230,732,490,441,291,307,1724,838,1504,768,580,476,1793,931,2086,841,5970,1367,1151,598,821,557,884,592,13767,740,839,550,545,430,855,570,793,486,1232,686,2048,848,1468,726,2809,886,1567,662,1611,697
SI07,SI07,SI07,11870,1593,528,359,11342,1577,9,90,862,542,235,276,77,142,921,530,803,453,293,265,1183,589,1405,729,3570,1012,629,472,448,335,907,450,8877,589,673,504,224,237,477,336,488,362,651,413,1259,626,1110,510,1705,656,1057,465,1233,545
SI08,SI08,SI08,10066,1738,743,488,9323,1620,32,78,675,398,129,147,248,223,1166,543,667,432,114,112,778,419,1132,507,2871,853,638,341,313,226,560,333,7776,520,1516,513,290,290,496,321,663,352,819,432,871,401,803,410,1158,442,627,324,533,300
SI11,SI11,SI11,11341,1235,492,320,10849,1269,25,83,1070,496,357,277,300,288,1397,618,684,419,160,160,797,371,1093,572,3492,864,526,323,295,215,653,336,8349,419,170,163,337,301,537,319,405,271,846,422,1217,518,1205,515,1412,516,913,448,1307,474
SI12,SI12,SI12,13986,2317,641,413,13345,2240,0,111,882,553,435,327,198,240,1425,688,1054,536,227,231,968,508,1189,559,3875,1092,1417,800,607,452,1068,569,10131,772,1781,723,418,343,609,393,620,388,746,444,1472,626,1281,566,1835,702,984,522,385,316
SI14,SI14,SI14,7544,1003,541,355,7003,1037,0,60,491,301,236,193,86,111,533,295,614,367,287,231,742,318,795,356,1814,538,741,390,359,243,305,209,5655,388,450,288,260,206,312,203,394,243,670,329,681,344,791,299,964,327,589,263,544,276
SI22,SI22,SI22,14061,2472,717,498,13344,2403,13,145,647,514,286,273,250,297,1110,719,647,402,439,345,798,544,1604,726,4180,1236,1153,700,938,681,1279,875,12072,1053,2291,1009,518,390,1302,743,658,469,1256,691,1564,772,1310,583,1581,650,1059,528,533,369
SI24,SI24,SI24,14807,1935,692,414,14115,1907,20,103,851,555,527,414,206,238,1549,735,1140,587,294,239,1444,632,1614,659,4290,1063,813,532,746,547,621,402,11420,652,593,422,243,247,734,456,663,364,1116,534,1463,648,1251,569,2522,837,1350,597,1485,560
SI25,SI25,SI25,9955,1316,482,336,9473,1270,0,70,884,471,160,184,142,135,1013,533,588,369,128,124,918,456,1227,580,2759,762,618,375,379,326,657,415,7879,505,437,300,388,286,642,355,691,422,483,298,1138,470,1337,495,1256,521,773,370,734,333
SI28,SI28,SI28,8823,1368,327,204,8496,1361,17,74,944,545,235,164,62,89,1140,522,718,356,187,163,619,318,878,418,2081,639,825,472,289,223,501,293,6513,448,774,329,181,155,360,247,487,284,559,299,935,388,796,370,1409,467,654,322,358,222
SI32,SI32,SI32,10610,1221,362,213,10248,1185,0,51,883,378,284,202,199,170,1092,492,679,296,250,231,1115,467,999,400,2909,634,547,318,373,249,918,366,7663,309,261,188,339,285,608,346,388,273,530,281,794,313,862,379,1830,496,1149,439,902,331
SI35,SI35,SI35,8031,1134,363,242,7668,1116,8,65,522,362,232,197,110,129,591,304,379,224,186,166,618,283,771,388,2677,664,681,384,289,214,604,324,6088,359,555,339,241,211,341,235,463,341,542,321,807,338,710,314,975,378,700,276,754,307
SI36,SI36,SI36,11289,1645,499,324,10790,1625,0,70,918,485,184,195,299,297,1014,546,717,445,248,265,1266,634,1457,600,3034,899,766,439,406,336,481,337,8669,680,622,390,387,234,545,393,830,472,819,457,1463,620,969,505,1639,593,747,399,648,366
SI37,SI37,SI37,11371,1716,716,466,10655,1661,0,101,704,447,256,251,238,246,1302,658,599,378,282,251,825,487,1370,677,3223,963,916,570,355,315,585,362,9076,820,943,510,557,307,1076,537,734,468,971,502,1237,537,1136,525,1337,521,562,359,523,343
SI45,SI45,SI45,10238,1302,497,304,9741,1255,0,65,768,493,245,212,129,156,796,432,886,494,214,187,1132,577,1080,501,2649,779,869,496,309,231,664,378,7789,567,301,247,378,304,603,368,425,298,480,281,1187,480,1391,562,1553,512,859,356,612,313
SI48,SI48,SI48,13187,1268,627,316,12560,1251,12,65,799,519,247,208,370,281,1361,590,1127,573,347,274,1286,507,1278,466,3661,918,665,519,491,323,916,457,9120,372,295,255,219,210,444,301,549,360,999,430,1507,569,970,393,1949,607,1241,501,947,377
SI54,SI54,SI54,21001,2486,1248,679,19753,2341,0,116,1501,914,491,408,217,255,1713,780,1429,807,445,385,2161,980,2338,1043,5932,1471,1197,703,751,530,1578,773,15119,866,431,378,562,498,882,563,938,544,972,547,1931,875,2305,932,3593,1085,1779,719,1726,778
SI99,SI99,SI99,0,24,0,24,0,24,0,24,0,24,0,24,0,24,0,24,0,24,0,24,0,24,0,24,0,24,0,24,0,24,0,24,0,24,0,24,0,24,0,24,0,24,0,24,0,24,0,24,0,24,0,24,0,24
